User ID, Created,Combined household income,Age range,Gender, Device type, Region, Respondent ID,Q(1) What is the total value of your personal savings and investments?,Q(1) Comments [Question: What is the total value of your personal savings and investments?],Q(2) What does money mean for you and your business?,Q(2) Sentiment [Question: What does money mean for you and your business?],Q(3) What makes handling money easier for you?,Q(3) Sentiment [Question: What makes handling money easier for you?]
aJnWmj64B7Db,2025-03-17T13:50:39+00:00,$200;000+,38,Female,iOS,US,aJnWmj64B7Db,$100;001 – $500;000,,Being financially stable is a big deal to me.,0.00,Budgeting each month.,0.00
yxlRvyVezlRB,2025-03-17T13:51:03+00:00,$100;000 - $124;999,39,Female,iOS,US,yxlRvyVezlRB,Less than $100;000,,A lot,0.60,Keeping track of everything,0.80
JGnJ1Jredkbx,2025-03-17T13:51:15+00:00,$175;000 - $199;999,26,Female,iOS,US,JGnJ1Jredkbx,Less than $100;000,,Security and stability,0.40,Financial apps,0.00
rYkvwDrE6nmx,2025-03-17T13:53:04+00:00,$100;000 - $124;999,30,Male,iOS,US,rYkvwDrE6nmx,$100;001 – $500;000,,It’s something that helps us stay afloat regardless of who has the money.,0.80,I don’t typically spend it on things that I WANT,-0.40
v6n3x5DaMl3Z,2025-03-17T13:54:55+00:00,$200;000+,45,Female,iOS,US,v6n3x5DaMl3Z,$100;001 – $500;000,,A lot!,0.80,If I had the education to handle it better,-0.30
2OkaGJDdelam,2025-03-17T13:54:56+00:00,$100;000 - $124;999,35,Male,Android,US,2OkaGJDdelam,Less than $100;000,,Money means I can survive,0.20,Spreadsheets and budgets,0.00
gK7y65yXzkae,2025-03-17T13:54:59+00:00,$100;000 - $124;999,42,Female,iOS,US,gK7y65yXzkae,Less than $100;000,,It means a lot less stress.,0.90,Having a financial advisor really helps.,0.90
JGnJ1JbYjkbx,2025-03-17T13:55:00+00:00,$100;000 - $124;999,37,Male,iOS,US,JGnJ1JbYjkbx,$100;001 – $500;000,,Freedom,0.30,Software,0.00
WJkgB69LP7Pd,2025-03-17T13:55:07+00:00,$125;000 - $149;999,28,Male,iOS,US,WJkgB69LP7Pd,$100;001 – $500;000,,It means financial stability,0.30,Having a financial planner,0.30
eLnBqXRrxko8,2025-03-17T13:55:21+00:00,$100;000 - $124;999,39,Male,Android,US,eLnBqXRrxko8,Less than $100;000,,Opportunity,0.20,Apps,0.20
Zz7brYgxW7gY,2025-03-17T13:55:24+00:00,$200;000+,31,Female,iOS,US,Zz7brYgxW7gY,Less than $100;000,,It means security,0.10,Planning ahead,0.40
Ka76NRbwj7L1,2025-03-17T13:56:00+00:00,$175;000 - $199;999,30,Male,iOS,US,Ka76NRbwj7L1,$100;001 – $500;000,,Money is comfort and security to me. Knowing I have money in the bank gives me the confidence that I could afford an unexpected expense or I can comfortable buy the things I need.,0.90,Being able to see balances on my phone on various apps makes handling money easier for me. I can quickly view my accounts without having to wait for printed statement or calling a broker or bank.,0.90
RE7LZrAYpn0v,2025-03-17T13:56:34+00:00,$175;000 - $199;999,41,Female,iOS,US,RE7LZrAYpn0v,$100;001 – $500;000,,I do not have a business; but making money in investing money to me means not having to worry later in life and being able to retire and travel and live comfortably.,0.80,Direct deposits into the different accounts and using a budget tracker to visually see how you are spending.,0.00
JGnJ1JdGMkbx,2025-03-17T13:56:58+00:00,$125;000 - $149;999,36,Female,iOS,US,JGnJ1JdGMkbx,$100;001 – $500;000,,Security,0.30,Online banking,0.00
p0lOa5y20k8N,2025-03-17T13:57:18+00:00,$200;000+,45,Female,iOS,US,p0lOa5y20k8N,More than $500;001,,The future,0.50,Not spending it,-0.70
1GnjBQ4NqnDA,2025-03-17T13:57:21+00:00,$150;000 - $174;999,38,Male,Android,US,1GnjBQ4NqnDA,$100;001 – $500;000,,Looking forward to retirement; money is for saving so I can enjoy life after work,0.50,Having my wife help with financial decisions,0.50
MjnZPx2mj7wP,2025-03-17T13:57:22+00:00,$150;000 - $174;999,25,Male,iOS,US,MjnZPx2mj7wP,Less than $100;000,,No jeea,-0.30,Stop,-0.70
apkDdY69Dk3E,2025-03-17T13:57:25+00:00,$200;000+,38,Male,iOS,US,apkDdY69Dk3E,More than $500;001,,Flexibility,0.50,Systems,0.00
PYl8NXpEykW1,2025-03-17T13:57:29+00:00,$100;000 - $124;999,27,Male,iOS,US,PYl8NXpEykW1,$100;001 – $500;000,,Great,0.90,Great,0.90
PLlXYDDRA7pv,2025-03-17T13:57:33+00:00,$150;000 - $174;999,30,Male,iOS,US,PLlXYDDRA7pv,More than $500;001,,To help in life and for emergency need,0.20,None for now,-0.70
GxkV9wbjr7bN,2025-03-17T13:57:44+00:00,$200;000+,30,Female,iOS,US,GxkV9wbjr7bN,$100;001 – $500;000,,It represents financial security,0.20,Having a good dashboard view of all of my different accounts,0.90
yxlRvYY4zlRB,2025-03-17T13:57:45+00:00,$100;000 - $124;999,33,Male,Android,US,yxlRvYY4zlRB,More than $500;001,,It means security,0.10,Budgeting,0.00
41nq0vjVwkXq,2025-03-17T13:57:48+00:00,$100;000 - $124;999,36,Female,iOS,US,41nq0vjVwkXq,$100;001 – $500;000,,Freedom,0.30,Organization,0.00
2rlr91Jx6n8W,2025-03-17T13:57:48+00:00,$150;000 - $174;999,31,Male,iOS,US,2rlr91Jx6n8W,Less than $100;000,,Cash flow and profit,0.10,Common sense,-0.20
Bp7PDjyPX72x,2025-03-17T13:57:50+00:00,$200;000+,25,Female,iOS,US,Bp7PDjyPX72x,Less than $100;000,,It means the freedom and security to make the decisions we want and need to make,0.70,Enough info to make the best decisions; and having fewer decisions to make,0.80
wNko4b4jWnBL,2025-03-17T13:57:52+00:00,$175;000 - $199;999,33; 34,Male,iOS,US,wNko4b4jWnBL,$100;001 – $500;000,,Great thing,0.90,I trained myself,0.00
yxlRvmJYLlRB,2025-03-17T13:57:53+00:00,$100;000 - $124;999,32,Female,Android,US,yxlRvmJYLlRB,$100;001 – $500;000,,A means,0.00,Trusting in Jesus with it; period. I let the Lord lead me,0.60
MjnZPOO3j7wP,2025-03-17T13:57:54+00:00,$125;000 - $149;999,41,Male,iOS,US,MjnZPOO3j7wP,Less than $100;000,,It means I can keep doing it,0.50,Having enough not to worry,0.60
6KnNyGMrPkW2,2025-03-17T13:57:56+00:00,$100;000 - $124;999,38,Female,Android,US,6KnNyGMrPkW2,Less than $100;000,,Capitalism,-0.40,Nothing,-0.60
P2nY2XagDl90,2025-03-17T13:57:56+00:00,$100;000 - $124;999,33,Male,Android,US,P2nY2XagDl90,$100;001 – $500;000,,Something i can rely on to retire early,0.50,Using online tools,0.00
WKn02vzzY7vA,2025-03-17T13:58:06+00:00,$100;000 - $124;999,26,Female,iOS,US,WKn02vzzY7vA,Less than $100;000,,Money is important to me.,0.30,I use budgeting apps.,-0.10
1GnjBP1KKnDA,2025-03-17T13:58:08+00:00,$100;000 - $124;999,34,Male,Android,US,1GnjBP1KKnDA,$100;001 – $500;000,,Its all about my retirement,0.00,Its easy enough on its own,0.60
4N7MPgpbGljE,2025-03-17T13:58:10+00:00,$125;000 - $149;999,30,Male,iOS,US,4N7MPgpbGljE,$100;001 – $500;000,,Money makes things possible and removes limitations.,0.80,Banks and ease of online banking.,0.80
yxlRvZ48XlRB,2025-03-17T13:58:11+00:00,$125;000 - $149;999,38,Male,Android,US,yxlRvZ48XlRB,$100;001 – $500;000,,Everything... It runs the world,0.30,Lack of debt,-0.60
WJkgBoGo17Pd,2025-03-17T13:58:13+00:00,$100;000 - $124;999,30,Female,iOS,US,WJkgBoGo17Pd,Less than $100;000,,I don’t have a business,-0.70,Creating a budget,0.00
1GnjBPmLvnDA,2025-03-17T13:58:19+00:00,$150;000 - $174;999,37,Male,Android,US,1GnjBPmLvnDA,$100;001 – $500;000,,Freedom,0.30,Software,0.00
2vlzQ4jmynGp,2025-03-17T13:58:18+00:00,$100;000 - $124;999,37,Male,Android,US,2vlzQ4jmynGp,Less than $100;000,,A lot,0.60,Clear info on investments,0.80
yxlRvzdr9lRB,2025-03-17T13:58:24+00:00,$200;000+,44,Female,iOS,US,yxlRvzdr9lRB,$100;001 – $500;000,,Survival,0.10,apps with reminders. autopay,0.00
6KnNyYL2mkW2,2025-03-17T13:58:24+00:00,$175;000 - $199;999,28,Male,Android,US,6KnNyYL2mkW2,$100;001 – $500;000,,It means the freedom to explore my hobbies and interests,0.40,Easy overview of my accounts and soending,0.80
dKk98AzAd7oe,2025-03-17T13:58:27+00:00,$100;000 - $124;999,43,Male,Android,US,dKk98AzAd7oe,Less than $100;000,,Success or failure,-0.30,I know the expenses,0.00
GxkV95gNV7bN,2025-03-17T13:58:27+00:00,$100;000 - $124;999,35,Female,iOS,US,GxkV95gNV7bN,Less than $100;000,,I don’t own a business,-0.60,Being able to move money from different accounts,0.80
aOkQbjMWdn4y,2025-03-17T13:58:28+00:00,$100;000 - $124;999,36,Male,iOS,US,aOkQbjMWdn4y,More than $500;001,,More money = The ability to enjoy life more,0.50,Online budgeting/money management tools,0.10
aJnWmrz467Db,2025-03-17T13:58:42+00:00,$125;000 - $149;999,38,Male,iOS,US,aJnWmrz467Db,$100;001 – $500;000,,Nothing,-0.60,Apps,0.20
PLlXYXEeQ7pv,2025-03-17T13:58:43+00:00,$150;000 - $174;999,45,Female,iOS,US,PLlXYXEeQ7pv,More than $500;001,,Means server as capital to me and my business,0.00,Effective running of the money on my business make it’s easier for me,0.90
qwneoEeZD75r,2025-03-17T13:58:43+00:00,$125;000 - $149;999,45,Male,iOS,US,qwneoEeZD75r,Less than $100;000,,It's a means of living but I try not to stress too much over it,0.00,Budgeting,0.00
eLnBqXoQKko8,2025-03-17T13:58:49+00:00,$175;000 - $199;999,40,Female,Android,US,eLnBqXoQKko8,More than $500;001,,Freedom,0.30,Spreadsheets,0.30
GxkV9VRX17bN,2025-03-17T13:58:50+00:00,$125;000 - $149;999,31,Male,Android,US,GxkV9VRX17bN,$100;001 – $500;000,,It means freedom to do and live how I want,0.90,Having less debt and fewer accounts to track,0.00
qVlpBR3G6kA5,2025-03-17T13:58:55+00:00,$125;000 - $149;999,45,Male,Android,US,qVlpBR3G6kA5,Less than $100;000,,It means a lot,0.40,Using bank,-0.10
J0nmrpjgelWr,2025-03-17T13:58:59+00:00,$100;000 - $124;999,42,Male,iOS,US,J0nmrpjgelWr,$100;001 – $500;000,,Security,0.30,Automated gains,0.50
4N7MPPD4GljE,2025-03-17T13:59:03+00:00,$125;000 - $149;999,39,Female,iOS,US,4N7MPPD4GljE,Less than $100;000,,Life,0.60,Budgets,0.00
Zz7br9EQj7gY,2025-03-17T13:59:16+00:00,$100;000 - $124;999,34,Female,iOS,US,Zz7br9EQj7gY,Less than $100;000,,Money is survival. You have to be smart and be a saver to manage your money. It is a necessity.,0.10,Having a budget and keeping track of my monthly spending. Having a list of how much I spent is a good way to keep track.,0.60
WJkgBmJ8b7Pd,2025-03-17T13:59:31+00:00,$100;000 - $124;999,40,Female,iOS,US,WJkgBmJ8b7Pd,$100;001 – $500;000,,Growth,0.20,Budget,0.00
WKn02vm527vA,2025-03-17T13:59:32+00:00,$100;000 - $124;999,30,Male,Android,US,WKn02vm527vA,$100;001 – $500;000,,Security and peace of mind,0.80,One central site/app to view all of my accounts,0.60
gK7y6og93kae,2025-03-17T13:59:41+00:00,$200;000+,41,Male,iOS,US,gK7y6og93kae,More than $500;001,,Survival. Need it!,0.10,Knowing what is really coming in.,0.10
Bp7PDAqmR72x,2025-03-17T13:59:43+00:00,$100;000 - $124;999,32,Female,Android,US,Bp7PDAqmR72x,$100;001 – $500;000,,Freedom,0.30,Accounting frameworks that cover all variables and can easily be analyzed and scaled,0.60
MqkKd8reBn91,2025-03-17T13:59:46+00:00,$200;000+,34,Male,iOS,US,MqkKd8reBn91,$100;001 – $500;000,,Freedom and enjoying the day as mine and nobody else’s,0.70,A budget,0.00
4N7MPDYDxljE,2025-03-17T14:00:02+00:00,$200;000+,39,Male,Android,US,4N7MPDYDxljE,$100;001 – $500;000,,It's the driving force to support & provide for your family,0.60,Being on top of my banking,0.50
WJkgoAK4PkPd,2025-03-17T14:00:15+00:00,$125;000 - $149;999,36,Male,iOS,US,WJkgoAK4PkPd,Less than $100;000,,Means we have more freedom to operate how we’d like to,0.40,Being able to put it where we need it,0.80
aJnWmJwV67Db,2025-03-17T14:00:17+00:00,$200;000+,29,Male,iOS,US,aJnWmJwV67Db,$100;001 – $500;000,,It means that I can pay myself and employees,0.20,Being able to access data on it quickly,0.70
Zz7brjXAz7gY,2025-03-17T14:00:24+00:00,$125;000 - $149;999,27,Female,Android,US,Zz7brjXAz7gY,Less than $100;000,,Security and peace of mind,0.80,Tips through my financial and banking apps,0.20
XQnwY3AJL7P2,2025-03-17T14:00:25+00:00,$200;000+,36,Male,iOS,US,XQnwY3AJL7P2,$100;001 – $500;000,,Money is actually a freedom for me to make the best choices,0.50,I usually prioritize what I needed over what I wanted.,0.20
gK7y6P6ozkae,2025-03-17T14:00:41+00:00,$175;000 - $199;999,45,Female,iOS,US,gK7y6P6ozkae,$100;001 – $500;000,,It means’s to make profit,0.00,Better financial management,0.50
aJnWm35167Db,2025-03-17T14:00:56+00:00,$125;000 - $149;999,40,Male,Android,US,aJnWm35167Db,$100;001 – $500;000,,Investment,0.00,Cost control Apps,-0.20
WJkgBOxxb7Pd,2025-03-17T14:01:20+00:00,$100;000 - $124;999,35,Female,Android,US,WJkgBOxxb7Pd,Less than $100;000,,The ability to live comfortably and provide a good life for my kids,0.90,Keeping things very simple,0.80
yxlRvgJEzlRB,2025-03-17T14:01:22+00:00,$175;000 - $199;999,34,Male,Android,US,yxlRvgJEzlRB,$100;001 – $500;000,,Security,0.30,Easibility,0.30
qwneo095Z75r,2025-03-17T14:01:52+00:00,$200;000+,36,Male,Android,US,qwneo095Z75r,$100;001 – $500;000,,It means everything. To afford the things I want and need,0.30,Better metrics and tracking,0.20
gK7y6Pyxpkae,2025-03-17T14:01:56+00:00,$175;000 - $199;999,33,Male,iOS,US,gK7y6Pyxpkae,$100;001 – $500;000,,Money mean a source of exchange,-0.10,Being confident,0.60
XOlEjMxVK7gp,2025-03-17T14:02:27+00:00,$100;000 - $124;999,45,Male,Android,US,XOlEjMxVK7gp,$100;001 – $500;000,,It means not having to worry; security for the future,0.50,Digital transactions; no cash,-0.50
aXk4drr5ykJW,2025-03-17T14:02:58+00:00,$100;000 - $124;999,35,Male,Android,US,aXk4drr5ykJW,$100;001 – $500;000,,Its our life blood,0.50,Apps,0.20
apkDZQjZDl3E,2025-03-17T14:02:57+00:00,$100;000 - $124;999,42,Female,iOS,US,apkDZQjZDl3E,$100;001 – $500;000,,A means to an end,-0.40,When it’s digital,0.00
apkDd4DdDk3E,2025-03-17T14:03:03+00:00,$125;000 - $149;999,34,Male,iOS,US,apkDd4DdDk3E,$100;001 – $500;000,,it’s a source of freedom,0.60,having time,0.10
WKn02xaPj7vA,2025-03-17T14:03:09+00:00,$100;000 - $124;999,38,Female,iOS,US,WKn02xaPj7vA,Less than $100;000,,I don’t have a business,-0.70,I don’t know,-0.20
p0lOaDqA3k8N,2025-03-17T14:03:28+00:00,$200;000+,32,Male,Android,US,p0lOaDqA3k8N,More than $500;001,,Stability,0.30,Applications,0.00
wNko4ZXJNnBL,2025-03-17T14:03:31+00:00,$100;000 - $124;999,30,Male,iOS,US,wNko4ZXJNnBL,Less than $100;000,,Creates a sense of security,0.80,Having a safe space for it,0.80
yxlRvxvz1lRB,2025-03-17T14:04:48+00:00,$175;000 - $199;999,43,Male,Android,US,yxlRvxvz1lRB,$100;001 – $500;000,,It means a lot. Investing or buying new equipment;  you always need capital.,0.00,Just being consistent and always be buying no matter the amount.,0.80
Zz7brYWvO7gY,2025-03-17T14:04:59+00:00,$125;000 - $149;999,37,Female,Android,US,Zz7brYWvO7gY,$100;001 – $500;000,,Capital,0.10,Savings and investments,0.80
apkDddzXxk3E,2025-03-17T14:04:59+00:00,$100;000 - $124;999,33,Male,iOS,US,apkDddzXxk3E,Less than $100;000,,essential for living,0.80,I have a budget,0.00
J0nmr2bPBlWr,2025-03-17T14:05:03+00:00,$150;000 - $174;999,28,Male,iOS,US,J0nmr2bPBlWr,Less than $100;000,,I don’t own a business but money is very important nonetheless,0.40,Budgeting and planning ahead,0.00
2rlr9QagRn8W,2025-03-17T14:05:05+00:00,$100;000 - $124;999,31,Female,iOS,US,2rlr9QagRn8W,Less than $100;000,,Money means freedom and protection for my family.,0.80,Having people around to help,0.10
GxkV9ebBb7bN,2025-03-17T14:05:10+00:00,$175;000 - $199;999,33,Female,iOS,US,GxkV9ebBb7bN,$100;001 – $500;000,,Everything possible - makes the world go round,0.80,A lot of it honestly ; they say more money more problems and that is true but it also makes it easier to hire people,0.10
Xgl5oo2xJk8Q,2025-03-17T14:05:21+00:00,$100;000 - $124;999,39,Male,iOS,US,Xgl5oo2xJk8Q,More than $500;001,,Security,0.30,Online,0.00
eLnBqd1L0ko8,2025-03-17T14:05:42+00:00,$100;000 - $124;999,34,Male,iOS,US,eLnBqd1L0ko8,$100;001 – $500;000,,Without it; we wouldn’t be in business,0.80,Careful tracking,0.30
G0lA8JxXYnPj,2025-03-17T14:06:02+00:00,$200;000+,38,Female,iOS,US,G0lA8JxXYnPj,More than $500;001,,Money means a source of freedom for me and my business; it is a means of livelihood and progress,0.80,Having different means and apps to stay in the know and handle my finances makes handling money easier for me,0.90
WKn02y6gN7vA,2025-03-17T14:06:36+00:00,$200;000+,45,Male,Android,US,WKn02y6gN7vA,More than $500;001,,An impact effective,0.50,By engaging in more business,0.50
1GnjBLOY9nDA,2025-03-17T14:06:40+00:00,$100;000 - $124;999,29,Male,iOS,US,1GnjBLOY9nDA,Less than $100;000,,Freedom,0.30,Digitally,0.40
1GnjBLyPDnDA,2025-03-17T14:07:19+00:00,$100;000 - $124;999,38,Male,Android,US,1GnjBLyPDnDA,$100;001 – $500;000,,safety for the future,0.50,knowledge and accessibility,0.80
P2nY2pZ8Ll90,2025-03-17T14:07:25+00:00,$150;000 - $174;999,44,Male,Android,US,P2nY2pZ8Ll90,$100;001 – $500;000,,Independence,0.30,Staying disciplined,0.80
Bp7PD6MNq72x,2025-03-17T14:07:47+00:00,$100;000 - $124;999,39,Male,Android,US,Bp7PD6MNq72x,$100;001 – $500;000,,It means that I have less to worry about.,0.40,Online banking,0.00
XOlEjvMvA7gp,2025-03-17T14:07:49+00:00,$150;000 - $174;999,44,Male,Android,US,XOlEjvMvA7gp,$100;001 – $500;000,,A saftey net. A plan to retire and survive.,0.00,Long tern low thought plans. VSTSX and chill.,0.30
yxlRvz6vMlRB,2025-03-17T14:08:36+00:00,$200;000+,45,Female,iOS,US,yxlRvz6vMlRB,More than $500;001,,It’s a revenue use for continuity in business,0.00,Credit card and crypto made handling money easier,0.90
XOlEjKjgj7gp,2025-03-17T14:08:57+00:00,$100;000 - $124;999,37,Male,Android,US,XOlEjKjgj7gp,Less than $100;000,,Money ain't nothing don't really care for it,-0.80,Don't spend it in crazy stuff,-0.60
apkDdzdBrk3E,2025-03-17T14:09:16+00:00,$125;000 - $149;999,31,Male,iOS,US,apkDdzdBrk3E,Less than $100;000,,Expanding,0.50,Accounting,0.00
JGnJ1YvGjkbx,2025-03-17T14:09:35+00:00,$150;000 - $174;999,26,Male,iOS,US,JGnJ1YvGjkbx,More than $500;001,,Money is a tool that provides stability; growth; and opportunities. For my buisness; it means the ability to invest; expand; and continue creating value.,0.60,Budgeting; tracking expenses; and using digital payment tools make handling money easier for me. Keeping a clear plan helps me stay organized and avoid unnecessary spending.,0.90
XOlEjx9437gp,2025-03-17T14:09:39+00:00,$200;000+,29,Male,iOS,US,XOlEjx9437gp,More than $500;001,,Life,0.60,Spending,0.00
WJkgBOxJ17Pd,2025-03-17T14:10:16+00:00,$150;000 - $174;999,43,Male,Android,US,WJkgBOxJ17Pd,Less than $100;000,,Stress,-0.60,YNAB,0.30
2OkaLQKVP7am,2025-03-17T14:10:17+00:00,$100;000 - $124;999,29,Male,iOS,US,2OkaLQKVP7am,$100;001 – $500;000,,It means more flexibility,0.70,I grew up with two parents who were accountants who stressed the important of money,0.00
0xk2WqXjJnAw,2025-03-17T14:10:18+00:00,$200;000+,37,Male,iOS,US,0xk2WqXjJnAw,$100;001 – $500;000,,Security,0.30,Budget spreadsheets,0.00
WJkgBoMJ47Pd,2025-03-17T14:10:42+00:00,$125;000 - $149;999,32,Female,Android,US,WJkgBoMJ47Pd,$100;001 – $500;000,,I need to keep adding to this,0.60,If the interface is easy to use and it's user friendly- it makes my life easy,0.90
MqkKELozel91,2025-03-17T14:11:11+00:00,$175;000 - $199;999,27,Female,iOS,US,MqkKELozel91,Less than $100;000,,I don’t have a business but money for me gives me independence to put myself first.,0.20,Money tracker apps. Six figure salary. Living below my means so I don’t live paycheck to paycheck.,-0.20
eLnBqqXZrko8,2025-03-17T14:11:32+00:00,$125;000 - $149;999,27,Male,Android,US,eLnBqqXZrko8,$100;001 – $500;000,,Survival,0.10,Unified tax docs,0.00
v6n3x5Ro5l3Z,2025-03-17T14:12:34+00:00,$200;000+,30,Male,iOS,US,v6n3x5Ro5l3Z,Less than $100;000,,Positive,0.80,Good,0.80
aJnWmOL1r7Db,2025-03-17T14:12:55+00:00,$125;000 - $149;999,38,Female,Android,US,aJnWmOL1r7Db,$100;001 – $500;000,,Safety and security,0.40,Apps,0.20
MjnZ6w0L4nwP,2025-03-17T14:13:04+00:00,$150;000 - $174;999,26,Male,Android,US,MjnZ6w0L4nwP,Less than $100;000,,Freedom,0.30,An accountant,0.00
Xgl5oArqMk8Q,2025-03-17T14:13:18+00:00,$200;000+,40,Male,Android,US,Xgl5oArqMk8Q,Less than $100;000,,Positive,0.80,Good,0.80
rYkvNLMQdkmx,2025-03-17T14:13:30+00:00,$100;000 - $124;999,32,Male,iOS,US,rYkvNLMQdkmx,$100;001 – $500;000,,Happiness,0.90,When not thinking about it,0.00
2OkaL9xeP7am,2025-03-17T14:13:33+00:00,$100;000 - $124;999,45,Female,iOS,US,2OkaL9xeP7am,Less than $100;000,,Security,0.30,Online banking,0.00
6KnNVoz2KnW2,2025-03-17T14:13:37+00:00,$125;000 - $149;999,30,Male,iOS,US,6KnNVoz2KnW2,More than $500;001,,It means freedom,0.20,Making more,0.80
1GnjNxRm2nDA,2025-03-17T14:13:39+00:00,$200;000+,33,Female,iOS,US,1GnjNxRm2nDA,More than $500;001,,I do not have a business,-0.70,Organization,0.00
MjnZ6XrdqnwP,2025-03-17T14:13:58+00:00,$100;000 - $124;999,31,Female,iOS,US,MjnZ6XrdqnwP,$100;001 – $500;000,,Allows for us to plan for the future,0.90,Financial advisers,0.00
4N7MJ4zEWkjE,2025-03-17T14:13:58+00:00,$200;000+,43,Female,iOS,US,4N7MJ4zEWkjE,More than $500;001,,Freedom,0.30,One stop shop; technology; visibility,0.80
0xk2db0VYlAw,2025-03-17T14:14:00+00:00,$100;000 - $124;999,37,Female,iOS,US,0xk2db0VYlAw,Less than $100;000,,Money is essential no matter what people say it brings happiness,0.40,Easy access to the apps,0.80
MqkKdbggXn91,2025-03-17T14:14:09+00:00,$175;000 - $199;999,45,Female,iOS,US,MqkKdbggXn91,$100;001 – $500;000,,To yield profit,0.00,Excellent,0.90
2OkaLm20p7am,2025-03-17T14:14:10+00:00,$125;000 - $149;999,30,Male,Android,US,2OkaLm20p7am,Less than $100;000,,It ensures financial stability and comfort,0.90,Not allowing lifestyle creep to take over,-0.80
Ka76Njzpd7L1,2025-03-17T14:14:10+00:00,$100;000 - $124;999,27,Female,iOS,US,Ka76Njzpd7L1,Less than $100;000,,Freedom,0.30,Having reliable systems in place,0.80
3gkxNRMB6lWq,2025-03-17T14:14:11+00:00,$125;000 - $149;999,44,Male,Android,US,3gkxNRMB6lWq,More than $500;001,,Freedom,0.30,I've been poor,-0.80
Xgl59R55Yl8Q,2025-03-17T14:14:14+00:00,$100;000 - $124;999,25,Female,iOS,US,Xgl59R55Yl8Q,Less than $100;000,,Security,0.30,Banking Apps,0.00
4N7MJaeMQkjE,2025-03-17T14:14:20+00:00,$125;000 - $149;999,33,Female,iOS,US,4N7MJaeMQkjE,$100;001 – $500;000,,Money brings security and options/flexibility.,0.60,Knowledge of financial products and personal finance management helps make it easier for me,0.90
apkDZo3zDl3E,2025-03-17T14:14:24+00:00,$200;000+,40,Female,iOS,US,apkDZo3zDl3E,$100;001 – $500;000,,That’s our personal monies but could be loaned to our business if needed.,0.00,A stable stock market haha,0.70
wNkoZVe6r7BL,2025-03-17T14:14:32+00:00,$125;000 - $149;999,30,Female,Android,US,wNkoZVe6r7BL,Less than $100;000,,Stability,0.30,Knowing my options,0.30
aXk4OjBX17JW,2025-03-17T14:14:33+00:00,$200;000+,28,Female,iOS,US,aXk4OjBX17JW,$100;001 – $500;000,,Flexibility opportunity and security,0.60,Low fees and easy transferability; transparency,0.90
2OkaGZbGolam,2025-03-17T14:14:40+00:00,$125;000 - $149;999,31,Male,Android,US,2OkaGZbGolam,$100;001 – $500;000,,It means that I am able to afford the necessities of life,0.80,Automatic bill payments,0.10
aXk4doJ11kJW,2025-03-17T14:14:43+00:00,$100;000 - $124;999,35,Male,iOS,US,aXk4doJ11kJW,$100;001 – $500;000,,It means moving forward,0.40,Knowledge,0.40
G0lA8ydbYnPj,2025-03-17T14:14:44+00:00,$200;000+,45,Male,Android,US,G0lA8ydbYnPj,Less than $100;000,,Needed,0.00,More of it and saving,0.40
Ka76E0Y5elL1,2025-03-17T14:15:01+00:00,$200;000+,43,Female,Android,US,Ka76E0Y5elL1,More than $500;001,,Security. Insulation against fluctuating economic circumstances. More options for future investment and relocation.,0.30,Having a husband in finance as well as a good accountant,0.70
dKk90YXdM7oe,2025-03-17T14:16:40+00:00,$125;000 - $149;999,34,Male,iOS,US,dKk90YXdM7oe,Less than $100;000,,Everything,0.40,Accounting tools,0.00
MJkGZb3e57bx,2025-03-17T14:16:52+00:00,$150;000 - $174;999,36,Female,Android,US,MJkGZb3e57bx,$100;001 – $500;000,,While it sucks to have to think this way; the entire purpose of my business is to make money; in order to provide for myself and my family.,-0.80,Honestly; I am horrible with money management so it makes it easier for me to have someone else (my husband) keep track of everything.,0.00
41nqvo95vlXq,2025-03-17T14:17:01+00:00,$100;000 - $124;999,35,Male,iOS,US,41nqvo95vlXq,Less than $100;000,,Mean liquidit,-0.20,Knowing budget,0.00
rYkvNd1r6kmx,2025-03-17T14:17:03+00:00,$100;000 - $124;999,45,Female,iOS,US,rYkvNd1r6kmx,Less than $100;000,,Success,0.80,Guidance,0.10
8rnd4OgbYnMP,2025-03-17T14:17:06+00:00,$125;000 - $149;999,41,Male,iOS,US,8rnd4OgbYnMP,Less than $100;000,,Everything.,0.20,Tools,0.00
1GnjNX1BwnDA,2025-03-17T14:17:08+00:00,$200;000+,42,Female,iOS,US,1GnjNX1BwnDA,More than $500;001,,Security,0.30,When my husband stops spending all of it,0.30
3gkxNa042lWq,2025-03-17T14:17:08+00:00,$100;000 - $124;999,40,Female,iOS,US,3gkxNa042lWq,Less than $100;000,,Freedom,0.30,Less spending,0.10
aXk4O2AoO7JW,2025-03-17T14:17:08+00:00,$150;000 - $174;999,43,Male,iOS,US,aXk4O2AoO7JW,More than $500;001,,It’s critical,0.10,Online apps,0.00
MqkKEVWVXl91,2025-03-17T14:17:09+00:00,$175;000 - $199;999,38,Male,Android,US,MqkKEVWVXl91,$100;001 – $500;000,,I don't have a business but want to have my own at some point,0.30,Having a budget and goals,0.00
WJkgoPrL4kPd,2025-03-17T14:17:23+00:00,$200;000+,28,Male,iOS,US,WJkgoPrL4kPd,Less than $100;000,,It means a lot so that I have enough for the future.,0.30,Budgeting and checking my bank accounts everyday.,0.20
rYkvNgmWQkmx,2025-03-17T14:17:26+00:00,$100;000 - $124;999,33,Female,iOS,US,rYkvNgmWQkmx,Less than $100;000,,It’s freedom to do the things I want in life,0.80,Keeping track of all earning and spending,0.80
JGnJVALQMnbx,2025-03-17T14:17:29+00:00,$100;000 - $124;999,38,Male,iOS,US,JGnJVALQMnbx,$100;001 – $500;000,,Having the ability to take time off and enjoy ot,0.80,Quickbooks,0.30
aOkQbedAmn4y,2025-03-17T14:17:34+00:00,$200;000+,45,Female,iOS,US,aOkQbedAmn4y,Less than $100;000,,Liquidity,0.00,Having more of it,0.50
41nqvDqwjlXq,2025-03-17T14:17:43+00:00,$150;000 - $174;999,42,Female,iOS,US,41nqvDqwjlXq,More than $500;001,,For me money means freedom. I would like to amass enough wealth to retire early and spend my time as I please without having to work a job.,0.20,Excel. I track everything that I spend; earn; and save.,0.80
1GnjNXdNwnDA,2025-03-17T14:17:46+00:00,$150;000 - $174;999,32,Male,Android,US,1GnjNXdNwnDA,Less than $100;000,,A means to provide for my family,0.30,Having a strict budget,-0.10
2OkaLgmpe7am,2025-03-17T14:17:56+00:00,$125;000 - $149;999,27,Male,iOS,US,2OkaLgmpe7am,Less than $100;000,,Money means freedom and ability to do more,0.70,Stress and bills help actually to plan my spending,0.70
eLnB85N1r7o8,2025-03-17T14:18:19+00:00,$100;000 - $124;999,34,Male,iOS,US,eLnB85N1r7o8,Less than $100;000,,Money is a tool and it helps to be able to leverage different products we need to run our business efficiently.,0.80,Budgets make handling money easy for me. Also consistency when it comes to upcoming payments and invoices.,0.70
XQnwRNKBpkP2,2025-03-17T14:18:29+00:00,$125;000 - $149;999,32,Male,iOS,US,XQnwRNKBpkP2,$100;001 – $500;000,,Important part,0.30,Proper plan,0.50
yxlRvg9qLlRB,2025-03-17T14:18:38+00:00,$100;000 - $124;999,31,Male,Android,US,yxlRvg9qLlRB,$100;001 – $500;000,,Security,0.30,Investing,0.10
P2nY9eo4Dn90,2025-03-17T14:18:42+00:00,$100;000 - $124;999,32,Female,Android,US,P2nY9eo4Dn90,Less than $100;000,,Literally currency,0.00,Having enough of it to live,0.40
6KnNVDwWbnW2,2025-03-17T14:19:06+00:00,$100;000 - $124;999,37,Female,Android,US,6KnNVDwWbnW2,$100;001 – $500;000,,Success and huility,0.70,Budgets and spreedsheets,0.00
JGnJ1rQ6jkbx,2025-03-17T14:19:21+00:00,$100;000 - $124;999,45,Male,iOS,US,JGnJ1rQ6jkbx,Less than $100;000,,Livelihood,0.10,Understanding costs and researching prices,0.20
MjnZ6g8r4nwP,2025-03-17T14:19:27+00:00,$175;000 - $199;999,36,Male,Android,US,MjnZ6g8r4nwP,$100;001 – $500;000,,I don't have a business but money is a key thing to save to have a safety net,0.00,YNAB,0.30
gK7yoDe9znae,2025-03-17T14:19:43+00:00,$150;000 - $174;999,35,Male,iOS,US,gK7yoDe9znae,$100;001 – $500;000,,I think it means that I have more stability and that I’m doing well overall.,0.80,I think being organized is a huge boon and helpful,0.90
0xk2WrrMAnAw,2025-03-17T14:19:44+00:00,$175;000 - $199;999,40,Male,Android,US,0xk2WrrMAnAw,More than $500;001,,Life easinar,0.50,Invest in more business,-0.30
4N7MPyMNBljE,2025-03-17T14:19:52+00:00,$100;000 - $124;999,33,Male,iOS,US,4N7MPyMNBljE,Less than $100;000,,End goal,0.00,When I have everything I want already.,0.20
6KnNVoEaPnW2,2025-03-17T14:20:23+00:00,$125;000 - $149;999,25,Male,iOS,US,6KnNVoEaPnW2,Less than $100;000,,To be able to live freely,-0.10,Having seperate accounts,0.00
apkDdV2mrk3E,2025-03-17T14:20:36+00:00,$175;000 - $199;999,38,Male,Android,US,apkDdV2mrk3E,$100;001 – $500;000,,Retirement and piece of mind,0.30,Computers and internet,0.00
4N7MP30gjljE,2025-03-17T14:20:36+00:00,$125;000 - $149;999,45,Female,iOS,US,4N7MP30gjljE,Less than $100;000,,Everything,0.40,Idk,0.30
G0lA6YwNX7Pj,2025-03-17T14:22:18+00:00,$175;000 - $199;999,25,Male,iOS,US,G0lA6YwNX7Pj,$100;001 – $500;000,,Freedom,0.30,Apps,0.20
WKn0Xab0YnvA,2025-03-17T14:22:32+00:00,$100;000 - $124;999,38,Male,Android,US,WKn0Xab0YnvA,$100;001 – $500;000,,It means the way I can pay for supplies and services.,0.20,Keeping ii in as few places as possible.,0.50
rYkvw1VQxnmx,2025-03-17T14:23:34+00:00,$125;000 - $149;999,29,Female,Android,US,rYkvw1VQxnmx,$100;001 – $500;000,,It means we have money,0.20,Having hands,0.30
Ka76EXwV9lL1,2025-03-17T14:23:40+00:00,$100;000 - $124;999,30,Female,iOS,US,Ka76EXwV9lL1,Less than $100;000,,It’s a means to support a life,0.60,Having an easy to use app,0.90
JGnJVQYRMnbx,2025-03-17T14:23:45+00:00,$125;000 - $149;999,29,Female,iOS,US,JGnJVQYRMnbx,$100;001 – $500;000,,Money means everything. It means success and comfort,0.40,Open conversations,0.20
MqkKEM2v6l91,2025-03-17T14:23:51+00:00,$100;000 - $124;999,28,Female,iOS,US,MqkKEM2v6l91,$100;001 – $500;000,,Being able to take care of myself,0.90,Having someone to advise me,0.30
2OkaLm8GB7am,2025-03-17T14:23:59+00:00,$125;000 - $149;999,41,Male,Android,US,2OkaLm8GB7am,Less than $100;000,,Bloodline,0.30,Technology,0.10
PLlX2BBQ5kpv,2025-03-17T14:24:13+00:00,$100;000 - $124;999,45,Female,iOS,US,PLlX2BBQ5kpv,Less than $100;000,,It means that you have opportunity.,0.10,Handling money is easier when you have enough.,0.60
Bp7P3BAPjl2x,2025-03-17T14:24:33+00:00,$150;000 - $174;999,30,Male,Android,US,Bp7P3BAPjl2x,$100;001 – $500;000,,I means I have some flexibility and freedom but I'm also at the mercy of the stock market and human greed as usual,-0.40,Nothing; I just pretend I don't have it until retirement,-0.30
Xgl59RJ4Bl8Q,2025-03-17T14:24:38+00:00,$100;000 - $124;999,34,Female,Android,US,Xgl59RJ4Bl8Q,$100;001 – $500;000,,Security during unknown financial times.,0.40,Being the only person responsible to know where everything is.,0.10
qwneWzP2j75r,2025-03-17T14:24:43+00:00,$200;000+,33,Male,Android,US,qwneWzP2j75r,$100;001 – $500;000,,It means everything it's what literally keeps us a float,0.80,An app I can track it with,0.50
rYkvNvJ1Qkmx,2025-03-17T14:25:13+00:00,$100;000 - $124;999,32,Male,Android,US,rYkvNvJ1Qkmx,$100;001 – $500;000,,It means how well we are doing,0.20,Technology,0.10
Ka76EO0zMlL1,2025-03-17T14:25:18+00:00,$125;000 - $149;999,28,Female,iOS,US,Ka76EO0zMlL1,More than $500;001,,means that we can still operate and be successful,0.70,budgeting,0.00
dKk98wwqQ7oe,2025-03-17T14:25:25+00:00,$100;000 - $124;999,39,Male,Android,US,dKk98wwqQ7oe,$100;001 – $500;000,,Security,0.30,Learning to manage it well so that it works for me to make more,0.90
aJnWmmo2X7Db,2025-03-17T14:26:15+00:00,$100;000 - $124;999,33,Female,Android,US,aJnWmmo2X7Db,$100;001 – $500;000,,I don't own a business so I guess it means nothing,-0.70,Being organized with an excel spreadsheet,0.40
XQnwRNmQLkP2,2025-03-17T14:27:06+00:00,$150;000 - $174;999,44,Male,Android,US,XQnwRNmQLkP2,Less than $100;000,,Opportunity to make the decisions you want,0.70,Easy excess to information,0.80
J0nmrZ02elWr,2025-03-17T14:27:29+00:00,$100;000 - $124;999,41,Male,Android,US,J0nmrZ02elWr,Less than $100;000,,Freedom,0.30,Smart apps,0.40
2vlz3bog37Gp,2025-03-17T14:27:52+00:00,$125;000 - $149;999,26,Male,iOS,US,2vlz3bog37Gp,Less than $100;000,,It means quality of life and enjoying life,0.80,Apps that have all accounts and values consolidated,0.60
PLlX23LQAkpv,2025-03-17T14:27:54+00:00,$125;000 - $149;999,32,Female,iOS,US,PLlX23LQAkpv,Less than $100;000,,Money is important,0.30,Nothing,-0.60
8rndNDWWE7MP,2025-03-17T14:28:51+00:00,$150;000 - $174;999,35,Female,Android,US,8rndNDWWE7MP,Less than $100;000,,Positive,0.80,Good,0.80
J0nmpqQ0akWr,2025-03-17T14:29:04+00:00,$100;000 - $124;999,34,Male,iOS,US,J0nmpqQ0akWr,Less than $100;000,,Just trying to pay bills and get out of debt.,-0.60,Detailed in depth budgets and auto pay auto schedule auto withdrawls,0.80
2OkaLgYOV7am,2025-03-17T14:29:41+00:00,$125;000 - $149;999,36,Male,Android,US,2OkaLgYOV7am,$100;001 – $500;000,,Money is a resource and can be used to improve the living conditions and lifestyle,0.20,Automation,0.00
JGnJ1bybXkbx,2025-03-17T14:29:52+00:00,$150;000 - $174;999,44,Male,Android,US,JGnJ1bybXkbx,$100;001 – $500;000,,Key root,0.00,Easy to handle,0.90
gK7yo0zOLnae,2025-03-17T14:30:16+00:00,$200;000+,43,Male,Android,US,gK7yo0zOLnae,More than $500;001,,Freedom to do what I want,0.80,Automation that I don't have to worry about,0.60
MqkKELERXl91,2025-03-17T14:30:17+00:00,$100;000 - $124;999,35,Female,Android,US,MqkKELERXl91,Less than $100;000,,It's for peace of mind in case of emergency,0.60,Being able to get good deals and save,0.90
41nq0VwN8kXq,2025-03-17T14:30:37+00:00,$100;000 - $124;999,39,Male,iOS,US,41nq0VwN8kXq,Less than $100;000,,Freedom,0.30,Financial apps,0.00
2OkaLgYRp7am,2025-03-17T14:31:59+00:00,$100;000 - $124;999,34,Male,Android,US,2OkaLgYRp7am,$100;001 – $500;000,,Financial freedom,0.40,More of it,0.20
PLlXY0B5O7pv,2025-03-17T14:32:22+00:00,$100;000 - $124;999,33,Female,iOS,US,PLlXY0B5O7pv,Less than $100;000,,Money means freedom to engage in a variety of opportunities.,0.80,When things are straightforward. I feel like everything has turned into a game and I hate it.,-0.20
aJnWm40BQ7Db,2025-03-17T14:32:54+00:00,$100;000 - $124;999,39,Male,iOS,US,aJnWm40BQ7Db,Less than $100;000,,Nothing great,-0.60,A briefcase,-0.10
p6n1jD0K5lD2,2025-03-17T14:33:18+00:00,$100;000 - $124;999,37,Female,Android,US,p6n1jD0K5lD2,Less than $100;000,,Security,0.30,Having some,0.40
Xgl5oLmvvk8Q,2025-03-17T14:33:59+00:00,$100;000 - $124;999,28,Male,Android,US,Xgl5oLmvvk8Q,$100;001 – $500;000,,Provision for my family,0.10,Being disciplined,0.20
apkDZx5Erl3E,2025-03-17T14:34:08+00:00,$125;000 - $149;999,37,Male,iOS,US,apkDZx5Erl3E,$100;001 – $500;000,,Better life,0.50,Organized,0.70
RE7LzNKa5n0v,2025-03-17T14:34:48+00:00,$200;000+,32,Female,iOS,US,RE7LzNKa5n0v,$100;001 – $500;000,,It’s important,0.60,Having help,0.30
3gkxg9JoR7Wq,2025-03-17T14:35:33+00:00,$200;000+,31,Female,iOS,US,3gkxg9JoR7Wq,Less than $100;000,,I don’t have a business,-0.70,I don’t have a lot,-0.60
rYkvNdLOEkmx,2025-03-17T14:38:38+00:00,$100;000 - $124;999,26,Female,iOS,US,rYkvNdLOEkmx,Less than $100;000,,It means freedom,0.20,Hiring people who understand how money works,-0.20
JGnJ1d8Bdkbx,2025-03-17T14:38:54+00:00,$100;000 - $124;999,35,Male,iOS,US,JGnJ1d8Bdkbx,Less than $100;000,,It means freedom,0.20,Everything in my hands,0.80
WJkgB681e7Pd,2025-03-17T14:40:47+00:00,$125;000 - $149;999,45,Female,iOS,US,WJkgB681e7Pd,More than $500;001,,It’s means the source’s of wealth,0.10,By investing it,0.00
aXk4d3444kJW,2025-03-17T14:41:18+00:00,$150;000 - $174;999,25,Female,Android,US,aXk4d3444kJW,Less than $100;000,,Money ,-0.10,Well I can say you have to have discipline.,-0.20
Zz7bo6zeOkgY,2025-03-17T14:41:48+00:00,$100;000 - $124;999,30,Male,iOS,US,Zz7bo6zeOkgY,Less than $100;000,,I want my money to matter to me. I want to make smart decisions with my money,-0.30,I write down all my expenses and how much money I make.,0.20
gK7yoDJ2mnae,2025-03-17T14:42:54+00:00,$125;000 - $149;999,41,Male,iOS,US,gK7yoDJ2mnae,$100;001 – $500;000,,It means that I can get what I want,0.70,If I have enough to pay for things with money left over,-0.50
dKk98aNVJ7oe,2025-03-17T14:43:35+00:00,$200;000+,40,Male,Android,US,dKk98aNVJ7oe,More than $500;001,,Successful,0.60,Financial advisor,0.10
wNko4QX8NnBL,2025-03-17T14:43:42+00:00,$200;000+,42,Female,iOS,US,wNko4QX8NnBL,Less than $100;000,,Makes life easier,0.90,Having someone else Handle It for me,0.00
v6n3xrq9vl3Z,2025-03-17T14:44:13+00:00,$200;000+,40,Male,Android,US,v6n3xrq9vl3Z,$100;001 – $500;000,,Money serves as a tool to better my life and the society in general,0.50,I used the service of a financial advisor to handle money with care,0.00
41nqvLmamlXq,2025-03-17T14:46:29+00:00,$150;000 - $174;999,34,Male,iOS,US,41nqvLmamlXq,Less than $100;000,,It means beung able to afford life,0.40,Savings accounts,0.20
apkDZPod6l3E,2025-03-17T14:47:11+00:00,$200;000+,29,Female,iOS,US,apkDZPod6l3E,More than $500;001,,Money means more resources and doing what my potential is,0.40,Having a budget and seeing a balance sheet at a regular cadence,0.00
Zz7bowDZ3kgY,2025-03-17T14:47:14+00:00,$100;000 - $124;999,36,Male,Android,US,Zz7bowDZ3kgY,$100;001 – $500;000,,I don't own a business,-0.60,Having accounts set up and online access,0.00
JGnJVGMaXnbx,2025-03-17T14:47:32+00:00,$100;000 - $124;999,45,Female,Android,US,JGnJVGMaXnbx,Less than $100;000,,I don't have a business. Money for me means freedom,-0.10,Knowledge & understanding,0.90
wNkoZV8Y17BL,2025-03-17T14:48:18+00:00,$100;000 - $124;999,43,Female,Android,US,wNkoZV8Y17BL,Less than $100;000,,It means survival,0.00,Teaching software,0.00
dKk98AjZ97oe,2025-03-17T14:49:54+00:00,$200;000+,44,Male,Android,US,dKk98AjZ97oe,More than $500;001,,Peace of mind in the future,0.90,Online tools,0.00
aOkQRPagOn4y,2025-03-17T14:50:56+00:00,$100;000 - $124;999,30,Male,iOS,US,aOkQRPagOn4y,Less than $100;000,,It means safety,0.30,I try to save it and forget it,-0.50
JGnJ1DzDXkbx,2025-03-17T14:53:21+00:00,$125;000 - $149;999,45,Male,iOS,US,JGnJ1DzDXkbx,$100;001 – $500;000,,It’s so nice and great,0.90,It’s nice and good,0.90
2OkaLgdpV7am,2025-03-17T14:53:28+00:00,$200;000+,27,Female,iOS,US,2OkaLgdpV7am,$100;001 – $500;000,,The financial stability if anything should happen in event of emergency,0.40,Just putting money aside before it hits the checking account so it never “existed” for me,-0.70
apkDZxzxZl3E,2025-03-17T14:53:38+00:00,$100;000 - $124;999,39,Male,Android,US,apkDZxzxZl3E,$100;001 – $500;000,,I don't have my own business,-0.70,Budget apps,0.00
PYl83a6GZnW1,2025-03-17T14:53:58+00:00,$125;000 - $149;999,42,Male,iOS,US,PYl83a6GZnW1,$100;001 – $500;000,,Useful it is a tool,0.60,Software,0.00
XQnwRyeMykP2,2025-03-17T14:54:29+00:00,$100;000 - $124;999,27,Male,iOS,US,XQnwRyeMykP2,$100;001 – $500;000,,It means freedom,0.20,When I don’t have to think too much about it,0.10
MjnZPDBdR7wP,2025-03-17T14:55:30+00:00,$200;000+,40,Female,Android,US,MjnZPDBdR7wP,More than $500;001,,Success,0.80,Financially advisor,0.20
G0lA8OMyenPj,2025-03-17T14:55:38+00:00,$200;000+,33,Female,Android,US,G0lA8OMyenPj,More than $500;001,,Helps.,0.80,Saving it,0.20
2rlrjYxVRl8W,2025-03-17T14:56:15+00:00,$175;000 - $199;999,35,Male,Android,US,2rlrjYxVRl8W,Less than $100;000,,Everything,0.40,Everything,0.40
dKk90MxLQ7oe,2025-03-17T14:56:36+00:00,$150;000 - $174;999,40,Female,Android,US,dKk90MxLQ7oe,Less than $100;000,,Comfort,0.90,Digital banking,0.00
1GnjBLO8mnDA,2025-03-17T14:59:01+00:00,$100;000 - $124;999,45,Male,Android,US,1GnjBLO8mnDA,$100;001 – $500;000,,Money doesn't equal happiness; but having enough to avoid daily stress over money is worth everything,0.70,A monitoring app with linked accounts,0.00
Ka76EedZ4lL1,2025-03-17T15:00:01+00:00,$100;000 - $124;999,44,Male,iOS,US,Ka76EedZ4lL1,$100;001 – $500;000,,For me it means freedom,0.60,Different apps,0.00
WKn0XV9x4nvA,2025-03-17T15:01:38+00:00,$100;000 - $124;999,30,Female,Android,US,WKn0XV9x4nvA,$100;001 – $500;000,,Something that needs to keep coming to stay afloat,0.00,Accounting,0.00
P2nY2rLLDl90,2025-03-17T15:02:23+00:00,$125;000 - $149;999,43,Male,Android,US,P2nY2rLLDl90,$100;001 – $500;000,,A future,0.40,I make good decisions; don't spend much,0.30
p0lOGLRrXl8N,2025-03-17T15:03:28+00:00,$200;000+,44,Female,iOS,US,p0lOGLRrXl8N,More than $500;001,,It means freedom to persue my interests.,0.10,Knowing that I can do it on my own.,0.20
p0lOaJQK0k8N,2025-03-17T15:03:56+00:00,$200;000+,35,Female,iOS,US,p0lOaJQK0k8N,$100;001 – $500;000,,Important; it’s what makes the business work.,0.70,Experts and partners in the business,0.70
yxlRJAXQMlRB,2025-03-17T15:06:12+00:00,$100;000 - $124;999,43,Female,Android,US,yxlRJAXQMlRB,$100;001 – $500;000,,Stress and scarcity.,-0.70,More money,0.00
0xk2Wvm2ynAw,2025-03-17T15:09:04+00:00,$100;000 - $124;999,41,Male,iOS,US,0xk2Wvm2ynAw,Less than $100;000,,Everything,0.40,Tools that can help,0.60
v6n3dvYP5l3Z,2025-03-17T15:09:53+00:00,$125;000 - $149;999,34,Male,Android,US,v6n3dvYP5l3Z,$100;001 – $500;000,,Means success and happiness,0.80,Keeping track of everything,0.80
PLlXYyWqj7pv,2025-03-17T15:10:53+00:00,$100;000 - $124;999,25,Female,iOS,US,PLlXYyWqj7pv,Less than $100;000,,Money is really important to live a happy and stress free life. You can easily lose and gain it.,0.20,Keeping within my budget,0.50
Xgl5ov6M5k8Q,2025-03-17T15:13:08+00:00,$100;000 - $124;999,39,Male,iOS,US,Xgl5ov6M5k8Q,Less than $100;000,,The ability to exist in society,0.20,More money,0.00
yxlRv0dN9lRB,2025-03-17T15:13:46+00:00,$200;000+,38,Male,iOS,US,yxlRv0dN9lRB,More than $500;001,,It means a lot,0.40,Apps,0.20
4N7MJ4OWKkjE,2025-03-17T15:14:26+00:00,$100;000 - $124;999,45,Male,iOS,US,4N7MJ4OWKkjE,$100;001 – $500;000,,I don't have my own business,-0.70,Having one system that I can see the flow of the various streams,0.40
MqkKEVAqel91,2025-03-17T15:15:27+00:00,$175;000 - $199;999,36,Male,Android,US,MqkKEVAqel91,$100;001 – $500;000,,Just a mean to live comfortably and help people around me,0.50,I have a good math brain so it comes naturally,0.60
eLnBqdjM6ko8,2025-03-17T15:15:39+00:00,$125;000 - $149;999,29,Male,Android,US,eLnBqdjM6ko8,Less than $100;000,,Comfort,0.90,Making money,0.00
P2nY2pzdyl90,2025-03-17T15:15:59+00:00,$125;000 - $149;999,42,Female,iOS,US,P2nY2pzdyl90,$100;001 – $500;000,,Security; opportunity; and necessity,0.20,My husband is great at saving; budgeting; and investing,0.90
MJkGZ01zd7bx,2025-03-17T15:17:10+00:00,$125;000 - $149;999,45,Male,Android,US,MJkGZ01zd7bx,Less than $100;000,,It means everything. It makes the world go round.,0.50,Having enough of it in different places.,0.40
Xgl5oPeE5k8Q,2025-03-17T15:18:36+00:00,$200;000+,30,Male,Android,US,Xgl5oPeE5k8Q,More than $500;001,,Successful,0.60,Financial advisor,0.10
XQnwYxbRy7P2,2025-03-17T15:21:23+00:00,$100;000 - $124;999,32,Female,Android,US,XQnwYxbRy7P2,Less than $100;000,,That I have business,0.10,Having a bank that helps me out,0.80
4N7MJxNXrkjE,2025-03-17T15:26:17+00:00,$175;000 - $199;999,32,Female,Android,US,4N7MJxNXrkjE,Less than $100;000,,Freedom and opportunity to take chances,0.50,Having a high level understanding of where money goes and fixed costs,0.70
G0lA8EPKmnPj,2025-03-17T15:26:26+00:00,$150;000 - $174;999,26,Female,iOS,US,G0lA8EPKmnPj,Less than $100;000,,A means to live,0.20,Bookkeeping,0.30
MJkGZRAy17bx,2025-03-17T15:28:08+00:00,$150;000 - $174;999,42,Female,iOS,US,MJkGZRAy17bx,Less than $100;000,,It means financial security,0.10,Making more of it lol,0.90
qwneW59aZ75r,2025-03-17T15:30:50+00:00,$125;000 - $149;999,44,Female,iOS,US,qwneW59aZ75r,$100;001 – $500;000,,It means either growth or default,0.00,Having an app that is easy to work,0.90
1GnjB0xoDnDA,2025-03-17T15:31:55+00:00,$125;000 - $149;999,45,Male,iOS,US,1GnjB0xoDnDA,More than $500;001,,Money makes the world go around,-0.10,Gloves,-0.10
gK7y63xDLkae,2025-03-17T15:32:16+00:00,$200;000+,34,Male,Android,US,gK7y63xDLkae,$100;001 – $500;000,,It actually mean a state of being free from financial crisis.,0.00,Budgeting and tracking if money make it easier for me,0.60
p0lOar3rZk8N,2025-03-17T15:33:11+00:00,$175;000 - $199;999,36,Male,iOS,US,p0lOar3rZk8N,Less than $100;000,,Flexibility,0.50,Technology,0.10
yxlRvm4zjlRB,2025-03-17T15:34:03+00:00,$100;000 - $124;999,44,Male,Android,US,yxlRvm4zjlRB,Less than $100;000,,It means being able to buy things and not rely on credit,0.30,Having it,0.40
qVlp98q9G7A5,2025-03-17T15:36:39+00:00,$100;000 - $124;999,31,Female,Android,US,qVlp98q9G7A5,$100;001 – $500;000,,It means freedom and ability to take chances with less fear,0.60,Having round the clock insights to its performance and amount,0.10
1GnjNXDz2nDA,2025-03-17T15:38:10+00:00,$150;000 - $174;999,40,Male,Android,US,1GnjNXDz2nDA,$100;001 – $500;000,,It allows me to plan for the future and be able to consider my date for retirement,0.90,Knowing my income and expenses,0.00
P2nY2yp50l90,2025-03-17T15:38:51+00:00,$100;000 - $124;999,32,Male,Android,US,P2nY2yp50l90,$100;001 – $500;000,,Money for me means a path to Independence later in life.,0.40,Having services that centralize all of my accounts in order to have an overview of everything,0.00
41nq0KAyOkXq,2025-03-17T15:38:55+00:00,$125;000 - $149;999,41,Female,iOS,US,41nq0KAyOkXq,Less than $100;000,,The ability to expand,0.20,Using programming,-0.20
RE7LZv0gPn0v,2025-03-17T15:39:09+00:00,$200;000+,35,Male,iOS,US,RE7LZv0gPn0v,More than $500;001,,It is what enables me to live a comfortable life.,0.90,I like tools that allow me to easily download data and view it online.,0.90
P2nY29ob0l90,2025-03-17T15:41:28+00:00,$100;000 - $124;999,26,Male,Android,US,P2nY29ob0l90,Less than $100;000,,I don't have a business,-0.70,Having a clear idea of what it needs to be spent on,0.30
6KnNVoX4NnW2,2025-03-17T15:43:05+00:00,$150;000 - $174;999,42,Male,Android,US,6KnNVoX4NnW2,$100;001 – $500;000,,It means God now a days,0.10,Do it yourself,-0.30
JGnJ1Jzq5kbx,2025-03-17T15:46:22+00:00,$100;000 - $124;999,38,Male,iOS,US,JGnJ1Jzq5kbx,Less than $100;000,,It means for a confident future,0.70,Clear records,0.60
qVlpBzEXOkA5,2025-03-17T15:47:29+00:00,$200;000+,43,Female,iOS,US,qVlpBzEXOkA5,$100;001 – $500;000,,It means security for my future,0.70,Lay person language,0.00
41nq04N8wkXq,2025-03-17T15:47:59+00:00,$175;000 - $199;999,45,Male,iOS,US,41nq04N8wkXq,Less than $100;000,,Safe to live the way I want.,0.90,Easy access,0.80
wNkoZ9J9N7BL,2025-03-17T15:48:17+00:00,$150;000 - $174;999,43,Male,iOS,US,wNkoZ9J9N7BL,Less than $100;000,,Life,0.60,Having money,0.50
gK7yog893nae,2025-03-17T15:48:52+00:00,$175;000 - $199;999,30,Male,Android,US,gK7yog893nae,$100;001 – $500;000,,To be able to take care of myself,0.00,Using apps like PayPal and chase,-0.20
rYkvwD5gKnmx,2025-03-17T15:50:15+00:00,$150;000 - $174;999,28,Male,iOS,US,rYkvwD5gKnmx,Less than $100;000,,It’s a means to enjoying activities,0.70,Having the ability to have some on reserve,0.60
XQnwRy3GXkP2,2025-03-17T15:50:53+00:00,$100;000 - $124;999,30,Female,Android,US,XQnwRy3GXkP2,$100;001 – $500;000,,It means being comfortable and stable,0.80,Knowing there is enough of it,0.00
P2nY2aZw0l90,2025-03-17T15:50:58+00:00,$125;000 - $149;999,30,Male,iOS,US,P2nY2aZw0l90,More than $500;001,,It means not having to worry sbot anything,0.40,Having someone else invest for me,0.00
p0lOaJyQ3k8N,2025-03-17T15:53:06+00:00,$150;000 - $174;999,37,Male,iOS,US,p0lOaJyQ3k8N,$100;001 – $500;000,,Independence and self determination,0.10,Consistent billing and invoicing,0.40
RE7LzNRLpn0v,2025-03-17T15:53:31+00:00,$125;000 - $149;999,38,Male,iOS,US,RE7LzNRLpn0v,$100;001 – $500;000,,freedom,0.30,having more,0.60
qwneWzq1e75r,2025-03-17T15:55:21+00:00,$100;000 - $124;999,45,Male,Android,US,qwneWzq1e75r,$100;001 – $500;000,,It's very important,0.80,Accountant,0.00
2OkaGNJ8elam,2025-03-17T15:55:27+00:00,$200;000+,36,Female,Android,US,2OkaGNJ8elam,Less than $100;000,,I don't have a business. Right now it's just a means to afford the necessitied,-0.50,A clear view of bills and upcoming financial goals,0.60
gK7y6RaeLkae,2025-03-17T15:56:12+00:00,$100;000 - $124;999,35,Female,Android,US,gK7y6RaeLkae,Less than $100;000,,this question is vague and ridiculous,-0.80,society being better,0.50
3gkxg4Mm27Wq,2025-03-17T15:56:42+00:00,$125;000 - $149;999,36,Male,Android,US,3gkxg4Mm27Wq,$100;001 – $500;000,,Money is what I get from work and how I manage to grow.,0.20,I use spreadsheets a lot to manage everything in my life.,0.60
yxlRJGpWblRB,2025-03-17T15:57:10+00:00,$125;000 - $149;999,39,Female,Android,US,yxlRJGpWblRB,Less than $100;000,,It means everything,0.20,Possibly hiringvsomekbe,0.00
aOkQRobgpn4y,2025-03-17T15:58:22+00:00,$100;000 - $124;999,32,Male,iOS,US,aOkQRobgpn4y,Less than $100;000,,A means to an end,-0.40,Capitol one,0.30
WJkgoPpRZkPd,2025-03-17T15:58:22+00:00,$100;000 - $124;999,29,Male,iOS,US,WJkgoPpRZkPd,Less than $100;000,,Mean power to create new thing,0.00,Make Bussines,0.00
WKn02P9ZR7vA,2025-03-17T15:59:04+00:00,$100;000 - $124;999,26,Female,Android,US,WKn02P9ZR7vA,$100;001 – $500;000,,Opportunity,0.20,Online banking,0.00
8rndNzGNW7MP,2025-03-17T15:59:43+00:00,$125;000 - $149;999,35,Male,iOS,US,8rndNzGNW7MP,Less than $100;000,,Time and energy in abstracted form,-0.10,Scarcity breeds value. Buy Bitcoin,-0.30
yxlRJAdGXlRB,2025-03-17T16:00:34+00:00,$150;000 - $174;999,40,Female,Android,US,yxlRJAdGXlRB,More than $500;001,,Freedom of thought and activity without stress,0.70,Having lots of it,0.40
rYkvwxWAGnmx,2025-03-17T16:01:48+00:00,$100;000 - $124;999,39,Male,iOS,US,rYkvwxWAGnmx,$100;001 – $500;000,,Money is a means to an end. I want to retire early. Saving more and properly investing will allow that. I also want to leave enough to my children.,-0.20,Simple navigations. Simple descriptions.,0.20
wNkoZgqZ57BL,2025-03-17T16:02:53+00:00,$175;000 - $199;999,44,Female,iOS,US,wNkoZgqZ57BL,Less than $100;000,,Business is thriving,0.70,Having a lot of it! And having debts consolidated at low rates,0.60
6KnNyRe5KkW2,2025-03-17T16:02:56+00:00,$125;000 - $149;999,33,Male,iOS,US,6KnNyRe5KkW2,Less than $100;000,,Freedom and peace of mind.,0.80,Budgeting.,0.00
MjnZPODd97wP,2025-03-17T16:03:21+00:00,$175;000 - $199;999,29,Female,iOS,US,MjnZPODd97wP,Less than $100;000,,It means the financial foundation and stability,0.20,It means an improvement in the process,0.50
G0lA84eWXnPj,2025-03-17T16:03:38+00:00,$150;000 - $174;999,37,Male,iOS,US,G0lA84eWXnPj,$100;001 – $500;000,,It is for my family,0.10,Budgeting,0.00
MqkKdYzvMn91,2025-03-17T16:04:49+00:00,$175;000 - $199;999,33,Male,iOS,US,MqkKdYzvMn91,$100;001 – $500;000,,Currently it’s saving for real estate purchase.,0.30,Easy apps; like Wealthfront,0.60
rYkvwNW9Gnmx,2025-03-17T16:07:07+00:00,$125;000 - $149;999,36,Male,iOS,US,rYkvwNW9Gnmx,$100;001 – $500;000,,It means a path to freedom,0.20,Spreadsheets,0.30
qwneWZ5WW75r,2025-03-17T16:07:36+00:00,$200;000+,43,Male,Android,US,qwneWZ5WW75r,More than $500;001,,To be able to pay rent and eat,0.00,When I actually have money,0.10
Zz7broBpr7gY,2025-03-17T16:08:43+00:00,$100;000 - $124;999,41,Male,Android,US,Zz7broBpr7gY,More than $500;001,,Ends to a mean,-0.20,Automation,0.00
XQnwRNyBzkP2,2025-03-17T16:11:49+00:00,$125;000 - $149;999,40,Female,iOS,US,XQnwRNyBzkP2,Less than $100;000,,The ability to do more things,0.30,Apps and advice,0.10
6KnNVD1NKnW2,2025-03-17T16:12:05+00:00,$100;000 - $124;999,43,Male,Android,US,6KnNVD1NKnW2,Less than $100;000,,It means the amount of money to keep running it.,-0.50,Keeping a nice budget on it.,0.80
Ka76NEyJj7L1,2025-03-17T16:13:28+00:00,$125;000 - $149;999,35,Male,iOS,US,Ka76NEyJj7L1,$100;001 – $500;000,,Money is important in a capitalist economy,0.00,Spreadsheets and online banking and investing,0.10
0xk2Wq5v5nAw,2025-03-17T16:13:51+00:00,$125;000 - $149;999,41,Male,iOS,US,0xk2Wq5v5nAw,Less than $100;000,,It’s a way to get things done and reach goals.,0.50,An easy way to see where my money is and where it’s going.,0.80
qwneW59LD75r,2025-03-17T16:14:10+00:00,$100;000 - $124;999,36,Female,Android,US,qwneW59LD75r,$100;001 – $500;000,,It means I can support my family and do fun things.,0.90,Creating spreadsheets to keep track of spending.,0.40
GxkV9NGrK7bN,2025-03-17T16:14:22+00:00,$100;000 - $124;999,44,Female,iOS,US,GxkV9NGrK7bN,$100;001 – $500;000,,Money is a tool,-0.20,Fast transactions,0.80
MjnZP34Q87wP,2025-03-17T16:14:56+00:00,$100;000 - $124;999,31,Male,iOS,US,MjnZP34Q87wP,Less than $100;000,,To be happy,0.70,Not so easy,-0.60
Bp7PDbVVp72x,2025-03-17T16:16:58+00:00,$175;000 - $199;999,33,Female,Android,US,Bp7PDbVVp72x,$100;001 – $500;000,,Life,0.60,Work,0.10
gK7yogjYdnae,2025-03-17T16:17:42+00:00,$125;000 - $149;999,27,Female,iOS,US,gK7yogjYdnae,$100;001 – $500;000,,It means work-life balance; safety; and fun,0.70,Financial advisors,0.40
eLnBqX9Jdko8,2025-03-17T16:18:33+00:00,$100;000 - $124;999,35,Male,iOS,US,eLnBqX9Jdko8,Less than $100;000,,It's very important,0.80,Seeing a list of how much is coming in and where it's going,0.10
v6n3dv8qGl3Z,2025-03-17T16:18:44+00:00,$150;000 - $174;999,34,Female,iOS,US,v6n3dv8qGl3Z,$100;001 – $500;000,,It means being able to relax and be comfortable and not worried too much.,0.80,Knowing how much I have and how I can get more.,0.70
aOkQRd4Dgn4y,2025-03-17T16:20:56+00:00,$100;000 - $124;999,41,Male,iOS,US,aOkQRd4Dgn4y,Less than $100;000,,It means I need a lot more!,-0.10,Credit karma app,0.00
P2nY2ZJdDl90,2025-03-17T16:21:40+00:00,$200;000+,39,Male,Android,US,P2nY2ZJdDl90,$100;001 – $500;000,,It means everything,0.20,Safer,0.80
8rndNJjbM7MP,2025-03-17T16:22:54+00:00,$175;000 - $199;999,32,Female,iOS,US,8rndNJjbM7MP,Less than $100;000,,I don’t have a business,-0.70,Electronic,0.00
PLlXYPpV57pv,2025-03-17T16:24:41+00:00,$150;000 - $174;999,34,Male,iOS,US,PLlXYPpV57pv,Less than $100;000,,Security,0.30,Having a plan,0.00
rYkvNdZMKkmx,2025-03-17T16:25:51+00:00,$100;000 - $124;999,43,Male,Android,US,rYkvNdZMKkmx,$100;001 – $500;000,,Not only is it one of the key factors to keep it going; it's the liquidity for everyday needs and how I pay my employees,0.90,Being smarter about it,0.50
aOkQRJjaAn4y,2025-03-17T16:26:34+00:00,$150;000 - $174;999,42,Female,iOS,US,aOkQRJjaAn4y,$100;001 – $500;000,,It makes me want to work more,0.80,Banking apps,0.00
dKk988pdQ7oe,2025-03-17T16:30:51+00:00,$125;000 - $149;999,26,Female,iOS,US,dKk988pdQ7oe,$100;001 – $500;000,,It means security; stability; and health.,0.40,If I have knowledge about wise investments; how to spend and make money efficiently; and discipline,0.20
wNkoZwZX97BL,2025-03-17T16:31:00+00:00,$125;000 - $149;999,34,Female,Android,US,wNkoZwZX97BL,More than $500;001,,It is the ability to make decisions and grow my assets and take care of myself and those i care about,0.60,When there are apps that I can use to quickly and easily move and manage my money,0.80
GxkVwbyornbN,2025-03-17T16:32:17+00:00,$200;000+,33,Male,iOS,US,GxkVwbyornbN,More than $500;001,,Growth; stability; opportunity,0.30,Tracking spending through online aggregators,-0.10
P2nY9w0gAn90,2025-03-17T16:37:04+00:00,$200;000+,38,Male,iOS,US,P2nY9w0gAn90,More than $500;001,,You need to have it to operate,-0.20,Automation,0.00
Ka76EgDJNlL1,2025-03-17T16:37:48+00:00,$100;000 - $124;999,35,Male,Android,US,Ka76EgDJNlL1,$100;001 – $500;000,,Freedom,0.30,Digital transaction,0.10
1GnjNZEDKnDA,2025-03-17T16:40:12+00:00,$125;000 - $149;999,30,Female,Android,US,1GnjNZEDKnDA,$100;001 – $500;000,,Stability,0.30,Someone to help plan,0.10
qVlpB2yJbkA5,2025-03-17T16:40:32+00:00,$100;000 - $124;999,38,Male,Android,US,qVlpB2yJbkA5,Less than $100;000,,I don't know,-0.20,I don't know,-0.20
Xgl59XWAAl8Q,2025-03-17T16:46:08+00:00,$125;000 - $149;999,25,Female,Android,US,Xgl59XWAAl8Q,Less than $100;000,,Money means stability and opportunity.,0.50,Saving money makes it easier.,0.90
XQnwR6WWzkP2,2025-03-17T16:50:02+00:00,$200;000+,44,Female,iOS,US,XQnwR6WWzkP2,More than $500;001,,Freedom to live how I want,0.90,Not sure. Creating a budget and tracking how I soend,-0.10
JGnJ10Z2gkbx,2025-03-17T16:51:02+00:00,$125;000 - $149;999,31,Male,iOS,US,JGnJ10Z2gkbx,$100;001 – $500;000,,The ability to get things you need,0.60,It is safe and secure,0.90
Xgl5ozdGBk8Q,2025-03-17T16:52:31+00:00,$100;000 - $124;999,25,Female,Android,US,Xgl5ozdGBk8Q,Less than $100;000,,I guess earning/making money in general; showing your business is successful?,-0.30,Maybe knowing how to save/budget?,0.00
aOkQROrxpn4y,2025-03-17T16:52:33+00:00,$100;000 - $124;999,41,Female,iOS,US,aOkQROrxpn4y,Less than $100;000,,It’s is a way of keeping the buisness going .,0.00,The ease of apps for financial use,0.90
WJkgoAjJ1kPd,2025-03-17T16:52:47+00:00,$100;000 - $124;999,29,Male,Android,US,WJkgoAjJ1kPd,$100;001 – $500;000,,What amount of profit I can make and move on to future generations,0.30,A financial advisor,0.10
XQnwYVmPL7P2,2025-03-17T16:53:41+00:00,$100;000 - $124;999,38,Male,Android,US,XQnwYVmPL7P2,Less than $100;000,,It's very good,0.90,I don't know,-0.20
eLnBqwJ4zko8,2025-03-17T16:55:19+00:00,$125;000 - $149;999,40,Male,iOS,US,eLnBqwJ4zko8,$100;001 – $500;000,,Freedom,0.30,Automation,0.00
Zz7bowa1MkgY,2025-03-17T17:00:48+00:00,$125;000 - $149;999,38,Male,Android,US,Zz7bowa1MkgY,More than $500;001,,It means opportunity to taje chances and try new things,0.50,My education which was business focus,0.20
41nq0Z16ekXq,2025-03-17T17:01:08+00:00,$175;000 - $199;999,35,Male,iOS,US,41nq0Z16ekXq,Less than $100;000,,I don’t own a business,-0.60,Digital currency,0.10
p6n1Od3W97D2,2025-03-17T17:02:32+00:00,$100;000 - $124;999,40,Female,Android,US,p6n1Od3W97D2,Less than $100;000,,I don't have a business,-0.70,A strict budget,0.00
yxlRv00pJlRB,2025-03-17T17:03:15+00:00,$100;000 - $124;999,32,Male,iOS,US,yxlRv00pJlRB,$100;001 – $500;000,,A means to enjoy,0.80,Getting lucky in stocks,0.10
MJkGKBdaXkbx,2025-03-17T17:04:19+00:00,$200;000+,41,Male,Android,US,MJkGKBdaXkbx,More than $500;001,,A key to personal freedome,0.10,Centrally aggregation finance apps,0.10
qVlp9NoaN7A5,2025-03-17T17:04:25+00:00,$100;000 - $124;999,36,Male,iOS,US,qVlp9NoaN7A5,Less than $100;000,,It means success,0.70,When I have a lot of it,-0.10
PLlX2QXEWkpv,2025-03-17T17:09:45+00:00,$200;000+,38,Male,iOS,US,PLlX2QXEWkpv,Less than $100;000,,Strength and stability,0.70,Using and sticking to a well planned budget,0.40
WKn02p4y47vA,2025-03-17T17:11:26+00:00,$100;000 - $124;999,38,Male,Android,US,WKn02p4y47vA,$100;001 – $500;000,,Very good thing,0.90,I like it,0.90
WJkgBV0VQ7Pd,2025-03-17T17:11:25+00:00,$100;000 - $124;999,40,Female,Android,US,WJkgBV0VQ7Pd,$100;001 – $500;000,,I love it so much,0.90,It's very good,0.90
rYkvwN4rdnmx,2025-03-17T17:17:36+00:00,$100;000 - $124;999,38,Male,Android,US,rYkvwN4rdnmx,Less than $100;000,,It is very beautiful,0.90,I love it,0.90
rYkvNLXYokmx,2025-03-17T17:22:35+00:00,$100;000 - $124;999,33,Male,Android,US,rYkvNLXYokmx,Less than $100;000,,You need money to survive in this world,-0.60,Bank data and flow charts,0.00
aXk4dvLjykJW,2025-03-17T17:25:03+00:00,$100;000 - $124;999,39,Male,Android,US,aXk4dvLjykJW,Less than $100;000,,It's a good,0.80,I,0.10
0xk2dA4p5lAw,2025-03-17T17:27:06+00:00,$150;000 - $174;999,44,Male,Android,US,0xk2dA4p5lAw,$100;001 – $500;000,,More to invest and food on the table,0.00,Credit cards; apps to simplify spending,0.20
Ka76E4g8QlL1,2025-03-17T17:33:28+00:00,$125;000 - $149;999,39,Male,Android,US,Ka76E4g8QlL1,Less than $100;000,,Options,0.00,Budgeting,0.00
Bp7PDj2og72x,2025-03-17T17:42:56+00:00,$200;000+,36,Female,iOS,US,Bp7PDj2og72x,Less than $100;000,,I don’t have a business but if it did it would be how I would be able to operate,0.00,Being in control of it. Knowing what is going in and out,0.10
MjnZPNdX47wP,2025-03-17T17:44:53+00:00,$150;000 - $174;999,38,Male,Android,US,MjnZPNdX47wP,Less than $100;000,,living paycheck to paycheck,-0.20,more.money,0.60
2OkaGbKBPlam,2025-03-17T17:46:17+00:00,$100;000 - $124;999,35,Female,Android,US,2OkaGbKBPlam,$100;001 – $500;000,,For me and my business money means stability and the ability to invest in advertising; services and products to grow my business.,0.60,Financial apps and services definitely make handling money easier for me.,0.80
2OkaGweO3lam,2025-03-17T17:48:28+00:00,$100;000 - $124;999,27,Female,Android,US,2OkaGweO3lam,Less than $100;000,,It means security and new opportunities,0.20,When I can move it over to my savings it makes me less likely to spend,-0.10
2OkaLQ1M87am,2025-03-17T17:50:16+00:00,$100;000 - $124;999,31,Male,Android,US,2OkaLQ1M87am,Less than $100;000,,Money is something I'll never have enough of in this economy.,0.00,Not having access to more than I need.,-0.70
MjnZPvVVN7wP,2025-03-17T17:51:37+00:00,$100;000 - $124;999,26,Male,iOS,US,MjnZPvVVN7wP,$100;001 – $500;000,,Is this a trick question? Business is for  money,-0.40,Ai tools,0.00
aJnWmoD4r7Db,2025-03-17T17:52:41+00:00,$125;000 - $149;999,38,Male,iOS,US,aJnWmoD4r7Db,$100;001 – $500;000,,It mainly means freedom; and having time.,0.20,When I understand where it all is!,0.00
PYl8NgpmRkW1,2025-03-17T17:57:18+00:00,$200;000+,34,Female,Android,US,PYl8NgpmRkW1,Less than $100;000,,Something to feed and clothe family,0.50,Hiring someone,-0.20
2rlr99yeVn8W,2025-03-17T18:00:33+00:00,$100;000 - $124;999,35,Male,iOS,US,2rlr99yeVn8W,$100;001 – $500;000,,More savings,0.60,My accountant,0.00
p0lOaa3bvk8N,2025-03-17T18:03:07+00:00,$100;000 - $124;999,27,Female,Android,US,p0lOaa3bvk8N,Less than $100;000,,it means having food; security; and living comfortably,0.80,budgeting apps and a credit union,0.00
Bp7P3rxKRl2x,2025-03-17T18:03:41+00:00,$125;000 - $149;999,37,Female,Android,US,Bp7P3rxKRl2x,$100;001 – $500;000,,Everything. Need money to earn money,0.00,Knowledge about money handling,0.40
v6n3xyDr5l3Z,2025-03-17T18:10:18+00:00,$100;000 - $124;999,42,Male,Android,US,v6n3xyDr5l3Z,$100;001 – $500;000,,It's very good,0.90,I love it so much,0.90
8rnd4QLNynMP,2025-03-17T18:11:31+00:00,$125;000 - $149;999,45,Male,Android,US,8rnd4QLNynMP,$100;001 – $500;000,,I need the market to do well,0.10,Having an advisor,0.10
JGnJVAo85nbx,2025-03-17T18:16:51+00:00,$100;000 - $124;999,33,Male,iOS,US,JGnJVAo85nbx,Less than $100;000,,It helps me be able to live and pay for things,0.90,Banks,-0.10
Bp7P3ZMxjl2x,2025-03-17T18:20:42+00:00,$100;000 - $124;999,43,Female,iOS,US,Bp7P3ZMxjl2x,$100;001 – $500;000,,I don’t have a business.,-0.70,Apps that give me quick access to what my money is doing.,0.80
Xgl596D8Bl8Q,2025-03-17T18:21:59+00:00,$100;000 - $124;999,42,Female,iOS,US,Xgl596D8Bl8Q,$100;001 – $500;000,,Success,0.80,Having a good banking establishment.,0.80
0xk2WaAR5nAw,2025-03-17T18:29:38+00:00,$100;000 - $124;999,30,Female,iOS,US,0xk2WaAR5nAw,Less than $100;000,,Good saved,0.80,Is not easy,-0.70
PLlX2j6QQkpv,2025-03-17T18:29:42+00:00,$125;000 - $149;999,30,Female,iOS,US,PLlX2j6QQkpv,Less than $100;000,,It means being comfortable in life and still enjoying everything,0.90,Direct depositing straight to savings or putting money in CD’s,0.70
gK7yoDP1mnae,2025-03-17T18:30:42+00:00,$125;000 - $149;999,32,Male,Android,US,gK7yoDP1mnae,More than $500;001,,Cash is trash. Fiat is fake. It means the opportunity to convert it into something with actual value,-0.30,Digital wallets,0.00
PLlX23G1Wkpv,2025-03-17T18:33:25+00:00,$100;000 - $124;999,34,Female,iOS,US,PLlX23G1Wkpv,$100;001 – $500;000,,Security and planning,0.10,Organization,0.00
PYl83zaqrnW1,2025-03-17T18:34:03+00:00,$100;000 - $124;999,26,Female,iOS,US,PYl83zaqrnW1,Less than $100;000,,It’ means freedom,0.30,A budget book,0.00
MqkKELe3Al91,2025-03-17T18:37:59+00:00,$150;000 - $174;999,35,Female,iOS,US,MqkKELe3Al91,Less than $100;000,,Success and a future,0.80,Having someone to contact with questions on managing it,0.00
2OkaLg1DV7am,2025-03-17T18:39:08+00:00,$125;000 - $149;999,43,Female,iOS,US,2OkaLg1DV7am,$100;001 – $500;000,,Future,0.40,Nothing,-0.60
WJkgoPAVYkPd,2025-03-17T18:39:40+00:00,$100;000 - $124;999,35,Male,Android,US,WJkgoPAVYkPd,$100;001 – $500;000,,Money is the lifeblood,0.10,Smart business practices,0.40
1GnjB38D2nDA,2025-03-17T18:45:22+00:00,$200;000+,34,Male,iOS,US,1GnjB38D2nDA,$100;001 – $500;000,,It means a lot to me as a family,0.70,Efficient portfolio management,0.80
MqkKdv2pdn91,2025-03-17T18:46:22+00:00,$150;000 - $174;999,32,Female,Android,US,MqkKdv2pdn91,Less than $100;000,,My future,0.60,Putting money in my savings immediately,0.70
WKn02vzJN7vA,2025-03-17T18:47:14+00:00,$200;000+,30,Female,iOS,US,WKn02vzJN7vA,$100;001 – $500;000,,Being able to live comfortably and not have to worry about having enough to get by.,0.90,Real time notifications when I spend money / swipe a card; and periodic finance check ins (monthly).,0.00
dKk98PmeK7oe,2025-03-17T18:53:06+00:00,$125;000 - $149;999,45,Male,Android,US,dKk98PmeK7oe,Less than $100;000,,It's a legal tender,0.40,Using bank,-0.10
P2nY2gzaEl90,2025-03-17T18:53:45+00:00,$100;000 - $124;999,34,Female,iOS,US,P2nY2gzaEl90,$100;001 – $500;000,,It means that I am able to live and do what I want to do!,0.90,Knowing that I work full time and more should be coming in every two weeks,0.20
P2nY2p2m0l90,2025-03-17T18:54:18+00:00,$150;000 - $174;999,36,Female,iOS,US,P2nY2p2m0l90,$100;001 – $500;000,,Everything runs on money,-0.60,Apps,0.20
0xk2WLo2pnAw,2025-03-17T18:57:23+00:00,$100;000 - $124;999,36,Male,Android,US,0xk2WLo2pnAw,$100;001 – $500;000,,I don't know,-0.20,I don't know,-0.20
G0lA8y5bXnPj,2025-03-17T18:57:51+00:00,$125;000 - $149;999,37,Female,iOS,US,G0lA8y5bXnPj,Less than $100;000,,Money equals success,0.50,Online accounting and access to bank,0.30
p6n1jN6MElD2,2025-03-17T18:58:38+00:00,$100;000 - $124;999,35,Male,iOS,US,p6n1jN6MElD2,$100;001 – $500;000,,Success and growth,0.80,Budgets and spreadsheets,0.00
8rndNz1LV7MP,2025-03-17T19:02:40+00:00,$100;000 - $124;999,37,Male,Android,US,8rndNz1LV7MP,$100;001 – $500;000,,Capital,0.10,Savings and investment,0.80
0xk2d3yQ5lAw,2025-03-17T19:03:32+00:00,$200;000+,28,Female,Android,US,0xk2d3yQ5lAw,Less than $100;000,,Stability,0.30,Nothing,-0.60
wNkoZ9Re97BL,2025-03-17T19:05:37+00:00,$100;000 - $124;999,28,Female,iOS,US,wNkoZ9Re97BL,Less than $100;000,,I don’t own a business. For myself it means safety; security; and freedom,0.00,Online banking apps and budget systems,0.00
aJnWmOwpJ7Db,2025-03-17T19:05:46+00:00,$100;000 - $124;999,33,Female,Android,US,aJnWmOwpJ7Db,More than $500;001,,The ability to live a life with basic needs of myself and my loved ones met; while engaging with the world around me; creating a community of like-minded individuals,0.80,Having enough of it,0.40
aOkQbBeNPn4y,2025-03-17T19:06:42+00:00,$100;000 - $124;999,40,Male,Android,US,aOkQbBeNPn4y,$100;001 – $500;000,,Good,0.80,Good,0.80
v6n3dRdXYl3Z,2025-03-17T19:11:54+00:00,$200;000+,32,Male,iOS,US,v6n3dRdXYl3Z,More than $500;001,,Everything i couldn’t do work without it,0.90,Assistant,0.10
G0lA8EPejnPj,2025-03-17T19:13:40+00:00,$100;000 - $124;999,32,Male,iOS,US,G0lA8EPejnPj,Less than $100;000,,It means stability and future growth,0.40,Having someone to handle that like an accountant,0.10
p6n1OjBWo7D2,2025-03-17T19:14:53+00:00,$125;000 - $149;999,45,Female,iOS,US,p6n1OjBWo7D2,$100;001 – $500;000,,Being comfortable and being able to provide for people,0.90,Having an excel spreadsheet,0.70
yxlRvqoAjlRB,2025-03-17T19:17:30+00:00,$125;000 - $149;999,29,Male,iOS,US,yxlRvqoAjlRB,$100;001 – $500;000,,It’s a tool,-0.10,Think of it like a video game,0.30
apkDd4jXMk3E,2025-03-17T19:21:16+00:00,$200;000+,35,Male,iOS,US,apkDd4jXMk3E,Less than $100;000,,Everything,0.40,Strict budgeting,0.00
Bp7PD35dp72x,2025-03-17T19:21:29+00:00,$150;000 - $174;999,34,Female,iOS,US,Bp7PD35dp72x,More than $500;001,,It is my retirement,0.00,A team of people,0.10
rYkvwEbXonmx,2025-03-17T19:21:30+00:00,$200;000+,32,Female,iOS,US,rYkvwEbXonmx,$100;001 – $500;000,,It’s everything. Can’t build a business without money,0.00,Reliable bank,0.90
qVlp9N3Z57A5,2025-03-17T19:22:44+00:00,$200;000+,38,Female,iOS,US,qVlp9N3Z57A5,$100;001 – $500;000,,I think that you cannot take it with you so you should enjoy it while you can but also it is not wise to spend too recklesy.,-0.30,Spending only what I have; not spending on credit.,-0.20
Bp7P3BOEOl2x,2025-03-17T19:25:43+00:00,$100;000 - $124;999,31,Female,Android,US,Bp7P3BOEOl2x,Less than $100;000,,Freedom,0.30,Excel,0.80
2OkaGr0JPlam,2025-03-17T19:26:34+00:00,$200;000+,26,Male,iOS,US,2OkaGr0JPlam,Less than $100;000,,Freedom,0.30,Money,0.00
Bp7P3ZMrRl2x,2025-03-17T19:30:23+00:00,$150;000 - $174;999,35,Male,iOS,US,Bp7P3ZMrRl2x,$100;001 – $500;000,,It’s good,0.80,Counting it,-0.10
p0lOamGw0k8N,2025-03-17T19:33:12+00:00,$200;000+,33,Male,iOS,US,p0lOamGw0k8N,More than $500;001,,It means a lot to me,0.60,Accounting for it,0.00
2vlzQ6RgqnGp,2025-03-17T19:34:50+00:00,$200;000+,34,Male,iOS,US,2vlzQ6RgqnGp,$100;001 – $500;000,,Lifeblood,0.30,Good tools with clear interface,0.90
rYkvw30OGnmx,2025-03-17T19:45:21+00:00,$125;000 - $149;999,31,Male,Android,US,rYkvw30OGnmx,More than $500;001,,Comfort,0.90,All in one dashboards,0.70
RE7Lze0VJn0v,2025-03-17T19:49:06+00:00,$100;000 - $124;999,32,Male,Android,US,RE7Lze0VJn0v,More than $500;001,,Freedom,0.30,Higher income,0.20
2OkaG01Zjlam,2025-03-17T19:52:01+00:00,$200;000+,28,Female,Android,US,2OkaG01Zjlam,Less than $100;000,,I respect money and need more for my business,0.20,An accountant,0.00
Ka76NW5d57L1,2025-03-17T19:52:12+00:00,$200;000+,40,Male,iOS,US,Ka76NW5d57L1,More than $500;001,,Successful,0.60,Financial advisor,0.10
P2nY9G06yn90,2025-03-17T19:55:32+00:00,$100;000 - $124;999,45,Female,iOS,US,P2nY9G06yn90,More than $500;001,,It’s still not enough to consider being comfortable or set for the future.,-0.80,Great advisor that help explain risk and rewards,0.90
PYl83BvMBnW1,2025-03-17T20:00:47+00:00,$100;000 - $124;999,30,Female,iOS,US,PYl83BvMBnW1,Less than $100;000,,Security,0.30,Concrete numbers,-0.20
P2nY9GdDYn90,2025-03-17T20:04:22+00:00,$100;000 - $124;999,29,Female,iOS,US,P2nY9GdDYn90,$100;001 – $500;000,,Freedom,0.30,Budgeting,0.00
RE7LZZQ03n0v,2025-03-17T20:05:13+00:00,$200;000+,45,Male,iOS,US,RE7LZZQ03n0v,More than $500;001,,It is a tool,0.00,Credit cards,0.00
PLlXYReKd7pv,2025-03-17T20:06:13+00:00,$100;000 - $124;999,27,Male,Android,US,PLlXYReKd7pv,Less than $100;000,,I don't own a business but it means a moderate amount,0.00,Have multiple places to store it,0.50
qVlpBBaGNkA5,2025-03-17T20:11:16+00:00,$100;000 - $124;999,39,Male,Android,US,qVlpBBaGNkA5,More than $500;001,,Freedom,0.30,App traxkers,0.10
2vlzQKK4OnGp,2025-03-17T20:12:14+00:00,$150;000 - $174;999,45,Male,Android,US,2vlzQKK4OnGp,More than $500;001,,To enjoy,0.70,Saving,0.60
PYl83JgGpnW1,2025-03-17T20:13:31+00:00,$100;000 - $124;999,39,Female,Android,US,PYl83JgGpnW1,Less than $100;000,,Means retirement and lifestyle,0.00,Having my husband be in control,0.30
MjnZPjjoR7wP,2025-03-17T20:14:07+00:00,$150;000 - $174;999,27,Male,Android,US,MjnZPjjoR7wP,$100;001 – $500;000,,Investment,0.00,Yes,0.60
4N7MJxo0XkjE,2025-03-17T20:17:51+00:00,$200;000+,43,Male,Android,US,4N7MJxo0XkjE,$100;001 – $500;000,,It's essential to our survival,0.50,Setting up automation for payments,0.00
rYkvNdGd6kmx,2025-03-17T20:22:55+00:00,$100;000 - $124;999,32,Male,iOS,US,rYkvNdGd6kmx,$100;001 – $500;000,,Resource to incest,-0.80,Insurance,0.00
apkDdb5xDk3E,2025-03-17T20:31:38+00:00,$125;000 - $149;999,35,Male,Android,US,apkDdb5xDk3E,$100;001 – $500;000,,Money means a financial freedom and sense of accomplishment to me,0.90,Financial institutions makes it easier for me,0.90
p6n1O2Q4B7D2,2025-03-17T20:40:50+00:00,$125;000 - $149;999,39,Female,iOS,US,p6n1O2Q4B7D2,Less than $100;000,,A lot,0.60,Organized ways,0.50
P2nY20640l90,2025-03-17T20:59:43+00:00,$100;000 - $124;999,36,Female,iOS,US,P2nY20640l90,$100;001 – $500;000,,It means i can grow for me and my business.,0.70,Having someone else do it.,-0.10
8rndNrKeY7MP,2025-03-17T21:01:59+00:00,$125;000 - $149;999,41,Male,Android,US,8rndNrKeY7MP,Less than $100;000,,Working captial,0.20,All.digital,0.40
3gkxNajX3lWq,2025-03-17T21:03:48+00:00,$125;000 - $149;999,44,Female,iOS,US,3gkxNajX3lWq,Less than $100;000,,I don’t have a business,-0.70,Having a goal,0.10
rYkvNdAa2kmx,2025-03-17T21:06:09+00:00,$100;000 - $124;999,44,Female,iOS,US,rYkvNdAa2kmx,Less than $100;000,,Money means the ability to make decisions without worrying about cost. The ability to pivot when something does not turn out correctly,0.40,Having apps and answers quickly in those apps rather than having to call someone,0.90
yxlRJG220lRB,2025-03-17T21:07:54+00:00,$100;000 - $124;999,31,Female,iOS,US,yxlRJG220lRB,Less than $100;000,,It means I’m successful or not,0.00,Putting it in the bank,-0.10
GxkVwYKZWnbN,2025-03-17T21:14:48+00:00,$150;000 - $174;999,38,Male,Android,US,GxkVwYKZWnbN,$100;001 – $500;000,,Doesn't mean anything for my business... but for me it means security and happiness,0.00,Having enough of it; frankly.,0.10
1GnjBQJNqnDA,2025-03-17T21:25:05+00:00,$125;000 - $149;999,31,Female,iOS,US,1GnjBQJNqnDA,Less than $100;000,,For me and my business; money is the fuel that allows us to operate; grow; and achieve our goals.,0.80,Having a clear budget and sticking to it makes handling money easier for me.,0.90
apkDdrw0xk3E,2025-03-17T21:35:39+00:00,$175;000 - $199;999,38,Female,Android,US,apkDdrw0xk3E,Less than $100;000,,Stability,0.30,When all my bills are on auto pay,0.10
rYkvNVrXdkmx,2025-03-17T22:04:55+00:00,$100;000 - $124;999,29,Female,iOS,US,rYkvNVrXdkmx,$100;001 – $500;000,,To use it for luxury and lifestyle,0.40,Putting it aside in a high yield savings account so it can build income,0.30
1GnjB9XAmnDA,2025-03-17T22:08:02+00:00,$200;000+,25,Female,Android,US,1GnjB9XAmnDA,$100;001 – $500;000,,A way to keep everyone financially stable,0.80,Online digital tools,0.00
JGnJ10zYJkbx,2025-03-17T22:08:48+00:00,$175;000 - $199;999,31,Male,iOS,US,JGnJ10zYJkbx,Less than $100;000,,It’s the lifeblood of our business and helps provide for my family,0.80,I am dedicated,0.30
GxkVwYxGJnbN,2025-03-17T22:20:14+00:00,$100;000 - $124;999,38,Female,iOS,US,GxkVwYxGJnbN,More than $500;001,,Helps me Live my life Fully,0.90,Making. Money,0.00
rYkvwYJXKnmx,2025-03-17T22:35:12+00:00,$150;000 - $174;999,35,Female,iOS,US,rYkvwYJXKnmx,$100;001 – $500;000,,It is a general acceptable entity and also the bedrock for all individuals,0.30,Bank transactions,0.00
v6n3xdo63l3Z,2025-03-17T22:58:32+00:00,$100;000 - $124;999,36,Male,Android,US,v6n3xdo63l3Z,$100;001 – $500;000,,It means power,0.00,Having experts on team,0.70
41nqvLZQvlXq,2025-03-17T23:06:02+00:00,$150;000 - $174;999,32,Female,iOS,US,41nqvLZQvlXq,$100;001 – $500;000,,Security and future reserves,0.10,A well functioning app for iOS,0.60
1GnjB064wnDA,2025-03-17T23:10:46+00:00,$200;000+,34,Female,iOS,US,1GnjB064wnDA,Less than $100;000,,It’s a lot,0.50,Budget,0.00
p6n1j5Op1lD2,2025-03-17T23:16:41+00:00,$125;000 - $149;999,43,Female,iOS,US,p6n1j5Op1lD2,Less than $100;000,,Money means being able to live,0.50,Not having actual cash motivated,-0.80
PLlX2QNGAkpv,2025-03-17T23:47:55+00:00,$200;000+,25,Male,Android,US,PLlX2QNGAkpv,Less than $100;000,,It is a means of life itself,0.50,Apps with instant transfers,0.40
eLnBqY9WKko8,2025-03-17T23:48:19+00:00,$150;000 - $174;999,43,Female,iOS,US,eLnBqY9WKko8,$100;001 – $500;000,,Stability,0.30,Knowing that I have enough in savings to last me 6 months in case of an emergency,0.80
GxkV9NRV27bN,2025-03-18T00:07:08+00:00,$125;000 - $149;999,37,Male,iOS,US,GxkV9NRV27bN,Less than $100;000,,I don’t have a business,-0.70,When I save and don’t spend it,-0.60
MqkKdbAPvn91,2025-03-18T00:12:44+00:00,$200;000+,43,Female,iOS,US,MqkKdbAPvn91,Less than $100;000,,Money is a byproduct of work. It’s mainly care about it because it enables me to have experiences I want to have; and hopefully it will allow me to eventually stop working.,0.00,Simple budgeting tools. Real-time transaction information. Transactions like transfers with no additional fees. Easy access to accounts online.,0.60
wNko42BRWnBL,2025-03-18T00:37:43+00:00,$100;000 - $124;999,32,Female,Android,US,wNko42BRWnBL,Less than $100;000,,A better go at things,0.20,Having someone help me,0.00
0xk2d3QBylAw,2025-03-18T00:55:22+00:00,$100;000 - $124;999,38,Female,Android,US,0xk2d3QBylAw,Less than $100;000,,Having enough to pay the bills,0.30,Rocket money,0.00
MJkGZomR17bx,2025-03-18T01:09:29+00:00,$100;000 - $124;999,31,Male,iOS,US,MJkGZomR17bx,Less than $100;000,,it means opportunity and foundation,0.00,having an organization system. for example; having excel spreadsheets to track what we spend and bring in,0.00
PYl83JjdBnW1,2025-03-18T01:15:22+00:00,$150;000 - $174;999,37,Female,Android,US,PYl83JjdBnW1,Less than $100;000,,Creating a stream line of revenue,-0.30,Banking system,0.00
qwneoW1oD75r,2025-03-18T01:26:18+00:00,$100;000 - $124;999,26,Male,iOS,US,qwneoW1oD75r,Less than $100;000,,Money is a tool to keep and make more money.,0.10,Getting rid of all emotional attachment,-0.80
41nq0Q4AmkXq,2025-03-18T01:26:39+00:00,$125;000 - $149;999,34,Male,Android,US,41nq0Q4AmkXq,Less than $100;000,,It is a means of reducing how much time I need to spend supporting myself so I can do more of the things I love.,0.40,Using budgeting apps and investment through firms like Fidelity.,0.20
PLlX2jZL6kpv,2025-03-18T01:28:10+00:00,$200;000+,27,Male,iOS,US,PLlX2jZL6kpv,More than $500;001,,It means financial freedom to buy what I want,0.50,If I have a lot of it,0.10
0xk2d3qRLlAw,2025-03-18T01:28:13+00:00,$200;000+,29,Male,iOS,US,0xk2d3qRLlAw,Less than $100;000,,It is a tool to improve my life.,0.70,Keeping it in investments that grow and motivate me to add more and save.,0.80
WKn02yXwR7vA,2025-03-18T01:37:28+00:00,$100;000 - $124;999,37,Female,iOS,US,WKn02yXwR7vA,Less than $100;000,,I do not own a business,-0.70,Not handling cash,-0.80
Ka76NEq2d7L1,2025-03-18T02:20:48+00:00,$150;000 - $174;999,28,Male,iOS,US,Ka76NEq2d7L1,Less than $100;000,,Open doors and more stocks and labor,-0.20,Having more money and an accountant,0.10
6KnNVA0jNnW2,2025-03-18T02:22:29+00:00,$200;000+,32,Male,iOS,US,6KnNVA0jNnW2,$100;001 – $500;000,,Cash flow to keep it up and running,0.30,Different services and banks,-0.10
RE7Lz9gKJn0v,2025-03-18T02:32:14+00:00,$125;000 - $149;999,44,Female,iOS,US,RE7Lz9gKJn0v,$100;001 – $500;000,,It means having money and hence freedom as well,0.70,Using an excel spreadsheet,0.10
yxlRvgPbzlRB,2025-03-18T03:47:47+00:00,$100;000 - $124;999,36,Male,iOS,US,yxlRvgPbzlRB,Less than $100;000,,It means a lot; and it’s Crucial,0.40,When makes it easier is having it organised by time and importance,0.70
gK7y6KD8Dkae,2025-03-18T05:15:58+00:00,$200;000+,38,Female,Android,US,gK7y6KD8Dkae,More than $500;001,,Money stands as the fuel that keeps my business running and it also provides the freedom to grow,0.90,A clear budget; the ability to track expenses consistently and using digital tools to manage my finances,0.80
RE7LZxYzan0v,2025-03-18T07:05:40+00:00,$125;000 - $149;999,32,Male,Android,US,RE7LZxYzan0v,$100;001 – $500;000,,It means there is hope for investment,0.20,Savings,0.80
MqkKdY52Dn91,2025-03-18T07:57:10+00:00,$125;000 - $149;999,38,Female,iOS,US,MqkKdY52Dn91,Less than $100;000,,Creative freedom.,0.80,Knowing that I can make more of it.,0.80
WJkgBqeqP7Pd,2025-03-18T11:19:54+00:00,$200;000+,35,Male,Android,US,WJkgBqeqP7Pd,$100;001 – $500;000,,It actually means an entity in which human cannot live without,0.70,Banking transaction,0.00
qVlp9N86o7A5,2025-03-18T12:02:51+00:00,$100;000 - $124;999,32,Female,iOS,US,qVlp9N86o7A5,Less than $100;000,,I would like to say money isn’t everything but it directly affects my life and daily activities,-0.60,when i don’t have to think or monitor my money,0.20
Xgl5ogoMYk8Q,2025-03-18T14:15:43+00:00,$125;000 - $149;999,36,Male,iOS,US,Xgl5ogoMYk8Q,Less than $100;000,,Money means a lot; it’s my means of survival; living better and doing what I love,0.90,When I have stable inflow of money,0.00
MJkGKwgz1kbx,2025-03-18T14:36:41+00:00,$150;000 - $174;999,27,Female,iOS,US,MJkGKwgz1kbx,Less than $100;000,,It means security,0.10,My bank,0.00
gK7yoDKmdnae,2025-03-18T15:11:56+00:00,$100;000 - $124;999,34,Female,iOS,US,gK7yoDKmdnae,$100;001 – $500;000,,I don’t have a business but it’s a means of survival and living the lives we want to live,0.60,Ease of seeing all my accounts in an overview at the tip of my fingers,0.90
0xk2dVYmJlAw,2025-03-18T15:39:13+00:00,$125;000 - $149;999,42,Male,Android,US,0xk2dVYmJlAw,$100;001 – $500;000,,Money is a way to buy things and services and seems like most people's God; but not mine.,-0.70,Making lots of it,0.40
rYkvNvOwxkmx,2025-03-18T16:09:10+00:00,$100;000 - $124;999,25,Male,iOS,US,rYkvNvOwxkmx,$100;001 – $500;000,,The only way I could see you was,-0.20,The first thing I thought about is the,0.00
qVlpBzydVkA5,2025-03-18T16:28:17+00:00,$125;000 - $149;999,34,Female,iOS,US,qVlpBzydVkA5,Less than $100;000,,Money gives the ability to do more,0.50,Having someone else help me,-0.30
