User ID, Created,Age range,Gender, Device type, Region, Respondent ID,Q(1) What does money mean to you?,Q(1) Sentiment [Question: What does money mean to you?],Q(2) What makes managing your money easier?,Q(2) Sentiment [Question: What makes managing your money easier?],Q(3) What tricks help you make your money last?,Q(3) Sentiment [Question: What tricks help you make your money last?]
MJkGZRmAZ7bx,2025-03-12T03:07:53+00:00,25,Female,iOS,US,MJkGZRmAZ7bx,Freedom,0.30,Having a plan for each time I get paid; percentage splits etc,0.00,Don’t spend impulsly; think before buying,-0.60
rYkvw1ooEnmx,2025-03-12T03:11:08+00:00,22,Male,Android,US,rYkvw1ooEnmx,Everything,0.40,Apps,0.20,Staying home,0.00
Ka76NGm0Q7L1,2025-03-12T03:11:10+00:00,23,Female,iOS,US,Ka76NGm0Q7L1,Security,0.30,Spreadsheets and budgets,0.00,Haven’t developed any long standing ones yet,-0.30
XOlEjPrg37gp,2025-03-12T03:11:20+00:00,20,Female,iOS,US,XOlEjPrg37gp,Fame; food; rich,0.60,Saving it without spending,0.90,spend less,-0.10
WKn02w8p47vA,2025-03-12T03:11:19+00:00,27,Female,iOS,US,WKn02w8p47vA,Ill die with out it,-0.30,Starving,-0.70,Starving,-0.70
qwneobvvg75r,2025-03-12T03:11:21+00:00,27,Male,Android,US,qwneobvvg75r,A means to survive,0.00,Organizing applications,0.10,Coupons and investments,0.10
2OkaG6Rrplam,2025-03-12T03:11:21+00:00,22,Male,iOS,US,2OkaG6Rrplam,It’s a tool to shape your life,0.50,Apps,0.20,Thrifting,0.40
aXk4dMBXgkJW,2025-03-12T03:11:38+00:00,25,Female,iOS,US,aXk4dMBXgkJW,Success,0.80,Budget,0.00,More budgets,0.10
3gkxgVBm37Wq,2025-03-12T03:11:48+00:00,21,Female,iOS,US,3gkxgVBm37Wq,Privilege,0.60,banks,-0.10,making more,0.80
rYkvwAZAonmx,2025-03-12T03:11:55+00:00,27,Female,iOS,US,rYkvwAZAonmx,Freedom and security,0.50,Apps and notes,0.00,Not spending it!,-0.60
JGnJ1vXVrkbx,2025-03-12T03:11:57+00:00,22,Male,Android,US,JGnJ1vXVrkbx,A token exchangable for things in life; mostly material but also services.,0.10,Spreadsheets; breakdown sheets.,0.00,Stop counting it; keep my mind busy with other things.,-0.70
XOlEj5XXJ7gp,2025-03-12T03:11:57+00:00,26,Male,Android,US,XOlEj5XXJ7gp,It means buying,0.00,Apps,0.20,Pay in 4,0.00
3gkxg3Zb27Wq,2025-03-12T03:11:59+00:00,22,Female,Android,US,3gkxg3Zb27Wq,Being able to buy food and clothes,0.60,Telling myself to buy things I need,-0.30,Buy the cheaper items,-0.10
PLlXYReKd7pv,2025-03-12T03:12:12+00:00,27,Male,Android,US,PLlXYReKd7pv,A lot.,0.40,Spending less on fancy goods,0.10,Having multiple places to store it,0.60
aOkQRP2O3n4y,2025-03-12T03:12:24+00:00,26,Female,iOS,US,aOkQRP2O3n4y,Expensive,-0.80,Bank app,0.40,To set a budget,0.00
PLlXYyWqj7pv,2025-03-12T03:12:31+00:00,25,Female,iOS,US,PLlXYyWqj7pv,Money means freedom.,0.40,Budgeting and saving,0.60,Keep reminding myself I have no money so I don’t spend any.,-0.50
Ka76NRxjx7L1,2025-03-12T03:12:51+00:00,24,Male,Android,US,Ka76NRxjx7L1,Luxury things,0.80,My wallet,-0.10,Hide it,-0.20
Zz7brXg9p7gY,2025-03-12T03:13:12+00:00,21,Male,Android,US,Zz7brXg9p7gY,Means to an end,-0.50,Good online tools like spreadsheets.,0.70,Deals on food,0.30
wNko4PK6NnBL,2025-03-12T03:13:25+00:00,22,Male,iOS,US,wNko4PK6NnBL,happiness,0.90,saving it,0.20,saving,0.60
gK7y66Bzpkae,2025-03-12T03:13:26+00:00,20,Male,iOS,US,gK7y66Bzpkae,Good,0.80,Good,0.80,Good,0.80
3gkxNOOM2lWq,2025-03-12T03:13:28+00:00,26,Male,iOS,US,3gkxNOOM2lWq,None,-0.40,Yes,0.60,Yes,0.60
aJnWmovAA7Db,2025-03-12T03:13:28+00:00,24,Male,iOS,US,aJnWmovAA7Db,It’s good,0.80,Apps,0.20,Apps,0.20
gK7y6BWQGkae,2025-03-12T03:13:34+00:00,19,Female,Android,US,gK7y6BWQGkae,It means I can buy stuff,0.40,I don't know,-0.20,I don't know,-0.20
rYkvw3WKdnmx,2025-03-12T03:13:43+00:00,24,Female,iOS,US,rYkvw3WKdnmx,Independence,0.30,Financial advisor,0.10,Investing,0.10
Zz7br9Edj7gY,2025-03-12T03:13:42+00:00,23,Male,iOS,US,Zz7br9Edj7gY,It means a way to buy the work of others,0.20,But budgeting and setting goals for spending,0.00,By being more conscious of not buying unnecessary things,0.70
WKn02X6L67vA,2025-03-12T03:13:43+00:00,21,Female,iOS,US,WKn02X6L67vA,It means a way to live,0.30,Not spending it,-0.70,Saving,0.60
rYkvwAmmAnmx,2025-03-12T03:13:48+00:00,22,Female,iOS,US,rYkvwAmmAnmx,i’m not sure,-0.10,i’m not sure,-0.10,im not sure,-0.20
XQnwY3M5M7P2,2025-03-12T03:13:57+00:00,26,Male,iOS,US,XQnwY3M5M7P2,I’m not sure.,-0.10,I don’t know.,-0.20,I’m not sure.,-0.10
rYkvwJaWEnmx,2025-03-12T03:13:57+00:00,26,Male,iOS,US,rYkvwJaWEnmx,Basic human needs,-0.30,Budgeting,0.00,Saving and minimizing expenses,0.80
WJkgBm1Q17Pd,2025-03-12T03:13:57+00:00,27,Female,iOS,US,WJkgBm1Q17Pd,Getting what I want,0.60,Never thought of it,0.40,Not spending,-0.70
6KnNVQOYKnW2,2025-03-12T03:13:58+00:00,25,Female,iOS,US,6KnNVQOYKnW2,It is a means of survival,0.00,A budget helps incredibly,0.90,Looking for sales,0.00
eLnBqqXZrko8,2025-03-12T03:13:59+00:00,27,Male,Android,US,eLnBqqXZrko8,Surviv,0.30,More money,0.00,Being too tired to spend,-0.80
4N7MPD0zWljE,2025-03-12T03:13:59+00:00,21,Male,Android,US,4N7MPD0zWljE,It means a pathway to greatness or the route to evil.,0.30,Restricting my spendings,-0.70,Forcing myself to be stingy,-0.70
wNko4aODMnBL,2025-03-12T03:14:01+00:00,18,Female,iOS,US,wNko4aODMnBL,Money runs the world and everything we do,0.00,Apps and budgeting,0.00,Budgeting and making it difficult to spend money,-0.80
0xk2Wdg9YnAw,2025-03-12T03:14:06+00:00,27,Male,iOS,US,0xk2Wdg9YnAw,Its a need,0.30,Budgeting,0.00,No drinking alcohol,-0.60
Xgl5o9RzGk8Q,2025-03-12T03:14:09+00:00,20,Male,Android,US,Xgl5o9RzGk8Q,It is simply a means to get by in the world. Nothing more; nothing less,0.00,Recognizing that it takes time to earn it; and being practical about what I need,0.10,Managing a budget and not going out to eat all the time,0.30
J0nmrXx0plWr,2025-03-12T03:14:12+00:00,27,Female,iOS,US,J0nmrXx0plWr,To buy stuff,0.00,Dnt really have to manage my money,-0.50,Add to savings every month & dnt touch it,-0.20
4N7MPNv5gljE,2025-03-12T03:14:14+00:00,18,Male,Android,US,4N7MPNv5gljE,Alot,0.20,Barely using it,-0.80,Forget about the money,-0.70
JGnJ1VAaykbx,2025-03-12T03:14:16+00:00,27,Male,iOS,US,JGnJ1VAaykbx,It means I can get whatever I want and not have to worry about anything. It leads to happiness.,0.90,Regular budgeting and not overspending is the best way to manage your money,0.00,Only buying what you’d really Need and only buying Expensive items occasionally,0.30
p0lOarqWXk8N,2025-03-12T03:14:20+00:00,24,Male,iOS,US,p0lOarqWXk8N,It is a way to purchase things i need,0.70,Keeping track of expenses,0.50,Waiting atleast a day before buying something i want,-0.60
WJkgB9YxQ7Pd,2025-03-12T03:14:22+00:00,21,Male,Android,US,WJkgB9YxQ7Pd,Good,0.80,Yes,0.60,Yes,0.60
Ka76NEXW97L1,2025-03-12T03:14:29+00:00,23,Male,iOS,US,Ka76NEXW97L1,The substance that is used to make our world go round,0.10,Definitely writing out your expenses,0.80,Setting aside a limit,-0.10
Bp7PDjyPX72x,2025-03-12T03:14:30+00:00,25,Female,iOS,US,Bp7PDjyPX72x,Money means security - having money means I can be safe and healthy and be prepared for emergencies.,0.60,Having people around me who understand finance and can explain concepts to me; friends who are good with money so I’m not tempted by them to spend above my means,-0.50,DON’T EAT OUT.,-0.60
Zz7broNRr7gY,2025-03-12T03:14:35+00:00,26,Male,iOS,US,Zz7broNRr7gY,not sure,-0.20,not sure,-0.20,not sure,-0.20
PYl83zaqrnW1,2025-03-12T03:14:37+00:00,26,Female,iOS,US,PYl83zaqrnW1,It means that I can buy stuff,0.30,A budget book,0.00,Budgeting,0.00
aXk4ONdym7JW,2025-03-12T03:14:40+00:00,21,Male,Android,US,aXk4ONdym7JW,Hard to get; good to have,-0.10,Appa,0.30,Avoid Impulse Buying,-0.60
RE7LZxoZDn0v,2025-03-12T03:14:43+00:00,27,Male,Android,US,RE7LZxoZDn0v,Stability and accessibility,0.70,Thinking twice before I invest or spend,-0.40,I sleep on big decisions and decide the next day,0.20
aOkQRx2V3n4y,2025-03-12T03:15:14+00:00,22,Male,iOS,US,aOkQRx2V3n4y,Wealth,0.50,Not spending it on dumb stuff,-0.40,Keeping track of of it coming in and out,0.50
PYl8NNQjBkW1,2025-03-12T03:15:34+00:00,21,Male,iOS,US,PYl8NNQjBkW1,Idk,0.30,Idk,0.30,Idk,0.30
4N7MP3AxQljE,2025-03-12T03:15:46+00:00,21,Male,Android,US,4N7MP3AxQljE,Bartering but standardized,0.00,Lots of lists,0.70,What? Not spending it,-0.40
RE7LZwZYpn0v,2025-03-12T03:16:14+00:00,20,Female,iOS,US,RE7LZwZYpn0v,it means a lot because that is how i define my success and my future,0.70,having self control over spending,0.10,allowing myself to buy certain treats once every couple weeks,0.50
RE7LZbqqJn0v,2025-03-12T03:16:17+00:00,23,Female,Android,US,RE7LZbqqJn0v,A means to survive.,0.00,Keeping track of finances.,0.30,Try to not spend money unless needed.,-0.50
3gkxg9Wxp7Wq,2025-03-12T03:16:19+00:00,20,Female,Android,US,3gkxg9Wxp7Wq,Money means safety and security.,0.40,Visualizing how my future self will appreciate that I saved my money.,0.10,Planning my purchases in advance.,0.10
WJkgBm1NY7Pd,2025-03-12T03:16:27+00:00,23,Female,iOS,US,WJkgBm1NY7Pd,A podcaster I listen to says “Money means options” but it feels like I’m on the side of money limiting my choices vrs money giving me options.,-0.50,Auto alocation and multiple bank accounts! And spreadsheets. And comfort podcasts.,0.40,Not adding your credit card to Apple Pay and leaving your wallet (not ID) at home when possible,-0.70
wNkoZpe0W7BL,2025-03-12T03:16:59+00:00,21,Female,iOS,US,wNkoZpe0W7BL,A source of sastainabulity,0.00,Budgeting,0.00,Budgeting,0.00
XQnwYvPRy7P2,2025-03-12T03:17:31+00:00,21,Male,iOS,US,XQnwYvPRy7P2,A means to provide,0.00,A savings goal,0.70,Limit food and entertainment,-0.20
apkDdb5P8k3E,2025-03-12T03:17:56+00:00,23,Male,Android,US,apkDdb5P8k3E,Money means the ability to provide the essentials you need and the occasional want without worry of not being able to support yourself. It's a promise that in the moment you're taken care of,0.60,Having a savings account is a great way for me to keep money without spending it; and investing a small percentage in dividend paying stocks helps ensure I always have passive income when the worst comes to worst,0.80,I always set aside 50 percent of my paychecks for my bills and my individual needs; and I use 20 percent of my money towards dividend paying stocks and I keep 30 percent for daily things I would like to indulge in,0.40
WKn02P9ZR7vA,2025-03-12T03:17:59+00:00,26,Female,iOS,US,WKn02P9ZR7vA,Nothing,-0.60,My apps,0.10,Penny pinching,-0.40
Bp7PDX3Ap72x,2025-03-12T03:18:11+00:00,26,Female,Android,US,Bp7PDX3Ap72x,Security,0.30,Low fees and low costs,0.80,When corporations don't price gouge their products,-0.70
41nq0pmEvkXq,2025-03-12T03:18:31+00:00,24,Female,Android,US,41nq0pmEvkXq,Idk,0.30,Saving,0.60,Idk,0.30
Zz7brZjxM7gY,2025-03-12T03:18:48+00:00,27,Male,iOS,US,Zz7brZjxM7gY,Paying bills and getting what I need or want,0.30,Saving whatever I get on my savings account,0.70,Use less of it unless you need to use it,-0.70
JGnJ1YvGjkbx,2025-03-12T03:18:50+00:00,26,Male,iOS,US,JGnJ1YvGjkbx,Money means sercurity; freedom; and the ability to enjoy life without constant worry.,0.80,Budgeting apps and automatic payments make managing my money easier by keeping everything organized and on track.,0.90,I stick to a budget; prioritize essentials; and look for deals or discounts before making purchases.,-0.10
MJkGKBdodkbx,2025-03-12T03:19:06+00:00,26,Male,iOS,US,MJkGKBdodkbx,Everything you need for almost anything now and days,0.90,It’s hard when bills come up,-0.80,Pinching,-0.60
WKn0XGN2jnvA,2025-03-12T03:19:22+00:00,25,Male,iOS,US,WKn0XGN2jnvA,Doesn’t mean anything to me,-0.70,Nothing,-0.60,Making sure I have enough to cover for me,0.40
rYkvwDOMAnmx,2025-03-12T03:19:36+00:00,19,Male,iOS,US,rYkvwDOMAnmx,Money means a ways of paying for the things I need and the things I desire. Having a surplus of money would mean freedom,0.10,I would say anything automated makes it much easier. Also online vs on paper I prefer online.,0.30,Basically just think twice before spending; like do I really need that burrito? Probably not,-0.50
4N7MPgLLKljE,2025-03-12T03:20:01+00:00,27,Male,Android,US,4N7MPgLLKljE,It means access.,0.00,Not wanting things.,-0.80,Not wanting things.,-0.80
MjnZPjjoR7wP,2025-03-12T03:20:06+00:00,27,Male,Android,US,MjnZPjjoR7wP,To buy,0.10,Saving more,0.80,Doing side hustles,0.10
wNko4QmeNnBL,2025-03-12T03:20:06+00:00,19,Female,iOS,US,wNko4QmeNnBL,Money = the ability to live in America,0.00,Setting aside money for all the bills that need to be paid and rent. Then what’s leftover you can spend on yourself,-0.20,I forget it exists ,-0.40
MjnZPr6Aq7wP,2025-03-12T03:20:20+00:00,26,Female,Android,US,MjnZPr6Aq7wP,Stability and survival,0.40,Being able to see how much I have,0.50,Not spending it and paying bills in time to avoid fees,-0.10
P2nY2paWPl90,2025-03-12T03:23:27+00:00,19,Male,iOS,US,P2nY2paWPl90,Paying the bills; you need it in this world; but I don’t care too much about it,-0.40,Tracking my earnings and spending,0.00,Wait a week before buying something I want and usually I don’t care for it anymore,-0.80
1GnjBBJd2nDA,2025-03-12T03:23:27+00:00,27,Female,iOS,US,1GnjBBJd2nDA,Having a way to buy something,0.30,Savings and not buying a lot of stuff,0.50,Savings,0.80
v6n3xb2dLl3Z,2025-03-12T03:24:28+00:00,26,Male,Android,US,v6n3xb2dLl3Z,livelihood and survival,0.10,not spending as much,-0.40,not eating,-0.80
0xk2WzmoynAw,2025-03-12T03:24:38+00:00,24,Female,iOS,US,0xk2WzmoynAw,Honestly i think money doesn’t mean much to me. It’s just a value.,-0.10,I’m not sure,-0.10,I’m not sure,-0.10
aOkQbeMaAn4y,2025-03-12T03:25:00+00:00,25,Male,iOS,US,aOkQbeMaAn4y,Value and a test of responsibility,0.50,Learning the hard way of when to spend,0.30,Experience and learning from mistakes,0.30
RE7LzNEN3n0v,2025-03-12T03:25:14+00:00,24,Male,iOS,US,RE7LzNEN3n0v,Something I can use to spend on an item I want or need,0.50,By being patient about my choices on how to use my money,0.00,Being patient and waiting for the best deals available,0.90
P2nY29ob0l90,2025-03-12T03:25:25+00:00,26,Male,Android,US,P2nY29ob0l90,A necessity to function in society,0.20,Having a clear idea on what it needs to spent on,0.70,Always look for a way to save,0.80
0xk2d38wYlAw,2025-03-12T03:25:35+00:00,24,Female,iOS,US,0xk2d38wYlAw,a means to an end to get what I need,0.30,making enough money that I don’t starve,0.30,buying pizza for two meals for the price of one,0.40
4N7MJxBjxkjE,2025-03-12T03:26:11+00:00,26,Female,Android,US,4N7MJxBjxkjE,Dollars,0.00,Receipts,0.00,Penny pinching,-0.40
MJkGZKo4m7bx,2025-03-12T03:26:26+00:00,25,Female,Android,US,MJkGZKo4m7bx,Something I need to be able to live,-0.10,Budgeting a lot,0.30,Saving money when I can and budgeting,0.90
dKk90egV97oe,2025-03-12T03:26:28+00:00,26,Female,Android,US,dKk90egV97oe,It doesn't mean anything to me except that I have to pay my bills; buy food; and get my kid's essentials,-0.60,When I can save a reasonable amount,-0.20,Buy things that are needed and that don't cost too much,-0.50
XQnwRj8y3kP2,2025-03-12T03:27:04+00:00,24,Male,Android,US,XQnwRj8y3kP2,Its a resource to value in terms of taking care of necessities; but it isn't all there is to life.,-0.20,Good spending habits and being aware of bills and payments months in advance to properly budget.,0.70,Waiting for sales and discounts for products I need and to buy in bulk if it is a good deal. Being disciplined,0.40
Xgl59xjp5l8Q,2025-03-12T03:27:46+00:00,25,Female,Android,US,Xgl59xjp5l8Q,Something to invest in,0.50,Putting it in a bank account,-0.20,Spending less,0.20
G0lA6YwNX7Pj,2025-03-12T03:27:59+00:00,25,Male,iOS,US,G0lA6YwNX7Pj,It means freedom,0.20,Apps,0.20,Budgeting,0.00
gK7yo0LWDnae,2025-03-12T03:28:21+00:00,26,Female,iOS,US,gK7yo0LWDnae,Events. Happiness. Entertainment.,0.40,Keeping a log or an app.,-0.20,Controlling spending.,-0.30
Zz7bow5VBkgY,2025-03-12T03:28:27+00:00,25,Male,iOS,US,Zz7bow5VBkgY,A means to survive,0.00,Saving it and spending on what’s necessary,0.60,Buying needs and not wants,-0.50
aOkQbeB0mn4y,2025-03-12T03:28:29+00:00,27,Male,Android,US,aOkQbeB0mn4y,It's just a synonym for currency,-0.50,Knowing well in advance how much I'm going to make and how much I need to spend,0.70,Saving what I don't need to immediately spend,0.60
MqkKEMRzDl91,2025-03-12T03:29:30+00:00,26,Male,iOS,US,MqkKEMRzDl91,The ability to own the things you want and need,0.70,Explanations and comparisons,0.00,Keeping to a firm budget; having an emergency fund,0.10
2OkaGr0JPlam,2025-03-12T03:29:36+00:00,26,Male,iOS,US,2OkaGr0JPlam,A Way not to stress,0.30,Income more income,0.00,Not buying useless things,-0.70
rYkvNLzW6kmx,2025-03-12T03:30:33+00:00,21,Female,iOS,US,rYkvNLzW6kmx,It is a means to live and enjoy life,0.60,Setting spending limits for myself and saving goals as well,0.50,Cutting back on unnecessary purchases and just being more responsible with my money in general,-0.60
WJkgBYMEb7Pd,2025-03-12T03:30:37+00:00,23,Male,Android,US,WJkgBYMEb7Pd,Livelihood,0.10,Not thinking about it,-0.50,Savings,0.80
Xgl59R55Yl8Q,2025-03-12T03:31:10+00:00,25,Female,iOS,US,Xgl59R55Yl8Q,A means to an end,-0.40,Not sure,-0.20,Coupons,0.20
v6n3dmXb5l3Z,2025-03-12T03:31:40+00:00,24,Female,iOS,US,v6n3dmXb5l3Z,survival,0.10,budgeting,0.00,shopping sales and clearance only,0.00
Xgl59XWAAl8Q,2025-03-12T03:31:42+00:00,25,Female,Android,US,Xgl59XWAAl8Q,Money is stability to me.,0.70,Having a savings account and tracking expenses.,0.60,I only buy what I really want.,0.30
JGnJVAwGJnbx,2025-03-12T03:31:43+00:00,24,Male,iOS,US,JGnJVAwGJnbx,Money make the world go around.,-0.10,Nothing. I live in the usa,-0.20,Nothing.,-0.60
2OkaLmDyZ7am,2025-03-12T03:31:52+00:00,24,Female,Android,US,2OkaLmDyZ7am,It means comfort and freedom to spend life as you please,0.70,Setting budgets and making lists for purchases,0.20,Sticking to the budget and avoiding buying other excess things.,0.00
apkDZ99Q8l3E,2025-03-12T03:32:02+00:00,24,Female,iOS,US,apkDZ99Q8l3E,A means of paying for the things I want and need; something necessary for survival in society.,0.10,Consistently keeping track of spending and having good self control.,0.90,Deliberately saving up for things and keeping track of progress (it’s satisfying).,0.80
P2nY96QjAn90,2025-03-12T03:32:14+00:00,25,Female,Android,US,P2nY96QjAn90,Money means absolute freedom and happiness; I want enough money so I can feel free and happy without having to worry constantly about food or shelter,0.80,Having enough money to even manage in the first place,0.10,Skipping meals and staying home when I can to avoid buying gas,-0.10
Ka76N85bN7L1,2025-03-12T03:32:27+00:00,24,Female,iOS,US,Ka76N85bN7L1,To be safe,0.20,Getting more of it,0.70,None I’m a bad spender,-0.10
MJkGZKjGd7bx,2025-03-12T03:32:32+00:00,26,Male,iOS,US,MJkGZKjGd7bx,I don’t manage my money so I feel nothing towards money,-0.60,My dad manages my money so I don’t know,-0.20,I just avoid spending money.,-0.40
MJkGKpwXdkbx,2025-03-12T03:32:48+00:00,27,Female,Android,US,MJkGKpwXdkbx,Money gives opportunity and privileges like vacations; being able to get something you couldn't afford otherwise; etc,0.90,Keeping a budget,0.00,Being frugal and setting automated amounts for saving,0.00
8rndN6vBE7MP,2025-03-12T03:34:19+00:00,25,Male,Android,US,8rndN6vBE7MP,A way to food and pleasantries,0.20,I don't know,-0.20,Put money away,-0.60
apkDZ9Ovrl3E,2025-03-12T03:35:04+00:00,24,Male,Android,US,apkDZ9Ovrl3E,A currency that can make my life better.,0.20,Set a goal and saving it into the bank,0.10,Saving and set goal,0.20
XOlEjvM3Y7gp,2025-03-12T03:35:10+00:00,24,Male,Android,US,XOlEjvM3Y7gp,It means the currency that is necessary to get things that are both important and leisurely.,0.30,Putting it aside in something like a piggy bank.,-0.50,Not spending until extremely necessary.,-0.30
v6n3dmRL5l3Z,2025-03-12T03:35:19+00:00,25,Female,iOS,US,v6n3dmRL5l3Z,Being able to afford to live and have fun,0.90,Keeping track of spending,0.60,Keep track of spending and budget,0.50
eLnB85gGK7o8,2025-03-12T03:36:18+00:00,24,Female,iOS,US,eLnB85gGK7o8,The only way I know how to live. Pay bills.,0.20,Excel sheets. I budget my own money and make my own tracking system.,0.40,Diving a budget between days or weeks depending on income flow,0.00
WJkgoM5jZkPd,2025-03-12T03:36:33+00:00,22,Female,Android,US,WJkgoM5jZkPd,Getting through each day,0.30,Nothing. I'm stressed,-0.60,Not eating out,-0.50
rYkvNdLOEkmx,2025-03-12T03:36:55+00:00,26,Female,iOS,US,rYkvNdLOEkmx,It means freedom,0.20,Having a budget,0.00,Having a budget,0.00
4N7MP3GPBljE,2025-03-12T03:37:00+00:00,25,Male,Android,US,4N7MP3GPBljE,Enjoy,0.90,Save,0.00,Don't spend,-0.80
8rnd4QxAYnMP,2025-03-12T03:37:14+00:00,27,Female,iOS,US,8rnd4QxAYnMP,Nothing,-0.60,Nothing scary,-0.40,Nothing,-0.60
p0lOG29Bdl8N,2025-03-12T03:37:17+00:00,27,Female,iOS,US,p0lOG29Bdl8N,honestly it means nothing,-0.70,nothing about it,-0.50,not touching it,-0.70
p0lOaJY3Yk8N,2025-03-12T03:37:27+00:00,25,Male,iOS,US,p0lOaJY3Yk8N,It means liberty and freedom,0.30,Nerdwallet,0.30,Saving on food with coupons,0.60
qwneWzQqG75r,2025-03-12T03:37:48+00:00,27,Female,iOS,US,qwneWzQqG75r,Everything,0.40,I don’t know because everything cost money now,-0.60,Nothing,-0.60
yxlRvgRq1lRB,2025-03-12T03:37:53+00:00,21,Female,Android,US,yxlRvgRq1lRB,Just something the world has not to play for stuff but it's not that important to me,-0.40,Just save half of it and use the other hand to pay for stuff,-0.30,Not buy stuff I don't need,-0.70
2OkaLm4B87am,2025-03-12T03:38:39+00:00,26,Female,iOS,US,2OkaLm4B87am,It is something I use to make purchases.,0.30,By using my bank app and storing money in savings.,0.20,Only spending on things I need,0.10
eLnB85Jz37o8,2025-03-12T03:38:55+00:00,26,Female,Android,US,eLnB85Jz37o8,Opportunity; safety; wealth,0.40,Knowledge about personal financee,0.50,Shopping mindfully,0.20
P2nY9P85En90,2025-03-12T03:39:09+00:00,26,Male,iOS,US,P2nY9P85En90,it’s the solution and a problem,0.00,savings,0.80,saving,0.60
XQnwRyeMykP2,2025-03-12T03:39:11+00:00,27,Male,iOS,US,XQnwRyeMykP2,It means freedom,0.20,When I can track my incom and outgoing costs,-0.10,Eat out less and buy less things in general,-0.20
1GnjNXev8nDA,2025-03-12T03:39:55+00:00,24,Male,iOS,US,1GnjNXev8nDA,Means to living,0.20,Apps on my phone for budgeting,0.00,Spend less,-0.10
rYkvNvOwxkmx,2025-03-12T03:40:32+00:00,25,Male,iOS,US,rYkvNvOwxkmx,The only way I could do,0.10,The only way I could do that was,-0.40,The only reason I’m going back,-0.40
dKk988pdQ7oe,2025-03-12T03:40:40+00:00,26,Female,iOS,US,dKk988pdQ7oe,It means stability; health; and assurance.,0.20,Understanding how to invest; budget; and save for different types of needs and bills,0.90,Never buying based on emotion or hype but waiting for a while to ensure the rose colored glasses fade; so I can assess the purchase logically,-0.10
MJkGKpPmdkbx,2025-03-12T03:41:22+00:00,24,Male,iOS,US,MJkGKpPmdkbx,Hey,0.20,Hey,0.20,Hey,0.20
41nqvxadvlXq,2025-03-12T03:42:01+00:00,25,Male,iOS,US,41nqvxadvlXq,happiness,0.90,high interest rates,-0.50,minimalism,0.30
1GnjN2DWmnDA,2025-03-12T03:42:32+00:00,23,Female,iOS,US,1GnjN2DWmnDA,An exchange for goods and services,0.00,Banks and apps,0.00,Not spending as much and keeping track of my subscriptions,-0.40
XOlEE4LmJlgp,2025-03-12T03:43:43+00:00,22,Female,Android,US,XOlEE4LmJlgp,Freedom financially,0.30,An app that I can enter all of my purchase in,0.80,Manage it and keep track of everything you spend.,0.60
p0lOaa3bvk8N,2025-03-12T03:44:14+00:00,27,Female,Android,US,p0lOaa3bvk8N,it means being able to have food when i want it.. not being homeless,-0.30,not spending on essentials,-0.70,buy in bulk,0.10
v6n3dvAxLl3Z,2025-03-12T03:46:26+00:00,26,Female,iOS,US,v6n3dvAxLl3Z,A tool I use to get what I want,0.20,Keeping track of expenses,0.50,Pretending I don’t have money in my account,-0.80
qwneWZva375r,2025-03-12T03:46:46+00:00,25,Female,iOS,US,qwneWZva375r,Happiness.,0.90,Saving.,0.50,Saving up.,0.40
gK7yoDJOLnae,2025-03-12T03:46:58+00:00,24,Female,Android,US,gK7yoDJOLnae,A means to an end. Survival.,-0.20,Making notes of spending habits and planning ahead.,0.20,Waiting to splurge only on certain days; planning based on money available,-0.10
p6n1jNA49lD2,2025-03-12T03:48:02+00:00,23,Male,Android,US,p6n1jNA49lD2,A way for me to live,0.50,Using Excel,0.30,Spending less,0.20
P2nY9edNYn90,2025-03-12T03:48:49+00:00,25,Female,iOS,US,P2nY9edNYn90,security,0.30,putting all of my money into savings and giving myself a weekly allowance to spend,0.50,doing side hustles that require minimal time and using things like rewards programs for discounts when going out,0.70
gK7y6RR0zkae,2025-03-12T03:50:31+00:00,18,Male,Android,US,gK7y6RR0zkae,Currency that can be extended for services,0.00,Hiring someone to assist with it,-0.30,Put most of it in a safe no spend box,0.60
Bp7PDwWV572x,2025-03-12T03:51:12+00:00,23,Male,iOS,US,Bp7PDwWV572x,Currency,0.10,Staying to a strict budget,-0.10,Budget,0.00
Xgl5oPzxGk8Q,2025-03-12T03:51:34+00:00,18,Female,iOS,US,Xgl5oPzxGk8Q,Being able to support yourself,0.80,Not looking at it,-0.70,Not going out to expensive places,-0.30
qVlpBz2xLkA5,2025-03-12T03:51:44+00:00,18,Male,iOS,US,qVlpBz2xLkA5,Survival,0.10,Excel,0.80,I don’t understand the question however; tricks that help me make my money are just managing it well,-0.40
wNko4MN5rnBL,2025-03-12T03:52:03+00:00,18,Female,iOS,US,wNko4MN5rnBL,Yes,0.60,Yes,0.60,Yes,0.60
rYkvwxp26nmx,2025-03-12T03:53:40+00:00,23,Female,iOS,US,rYkvwxp26nmx,Nothing,-0.60,Apps,0.20,Saving,0.60
Zz7brLJ5z7gY,2025-03-12T03:53:45+00:00,23,Male,iOS,US,Zz7brLJ5z7gY,Cash.,0.10,Peace and tranquility.,0.90,Discipline; help.,0.20
Ka76NNPEM7L1,2025-03-12T03:54:18+00:00,23,Male,Android,US,Ka76NNPEM7L1,A means to escape work,0.00,Quicken,0.50,Never eating out,0.20
41nqvJW3wlXq,2025-03-12T03:54:18+00:00,25,Female,iOS,US,41nqvJW3wlXq,Security,0.30,Nothing,-0.60,Skipping meals,-0.80
2vlzQo6ZwnGp,2025-03-12T03:54:22+00:00,26,Male,iOS,US,2vlzQo6ZwnGp,Money means a way to be safe and live life,0.70,automated tools and insights,0.30,Saving; not eating out; paying yourself first,0.40
p0lOaV43mk8N,2025-03-12T03:54:29+00:00,23,Female,Android,US,p0lOaV43mk8N,Money means freedom,0.40,It's easier when I have good interest rates,0.60,Budgeting and saving,0.60
dKk9844GJ7oe,2025-03-12T03:55:01+00:00,23,Male,iOS,US,dKk9844GJ7oe,The only,0.20,The only,0.20,I’m,0.00
WKn02vzzY7vA,2025-03-12T03:55:46+00:00,26,Female,iOS,US,WKn02vzzY7vA,Spending something.,-0.10,Using a budget app,-0.20,I look for deals,0.10
XOlEjMbaK7gp,2025-03-12T03:56:35+00:00,22,Female,Android,US,XOlEjMbaK7gp,New stuff,0.20,Having a steady income,0.60,Trying to save everywhere,0.00
MqkKdYzaAn91,2025-03-12T03:57:09+00:00,25,Female,Android,US,MqkKdYzaAn91,The ability to live.,0.30,Writing down everything I spend.,-0.20,I only buy something that I'd remember having bought a week later.,0.00
aJnWm6DmB7Db,2025-03-12T03:57:49+00:00,21,Female,iOS,US,aJnWm6DmB7Db,Ggg,0.30,Vko,0.30,Chm,0.40
0xk2WdwvRnAw,2025-03-12T03:58:12+00:00,20,Male,Android,US,0xk2WdwvRnAw,Because I like alot,0.80,Because I like alot,0.80,Because I like alot,0.80
8rndNNBx17MP,2025-03-12T03:58:30+00:00,24,Female,iOS,US,8rndNNBx17MP,More things,0.20,Nothing,-0.60,Not spending it all,-0.50
XQnwY39N37P2,2025-03-12T04:00:23+00:00,25,Female,Android,US,XQnwY39N37P2,Survival; entertainment; stability; happiness,0.60,Budgeting and checking my accounts frequently.,0.10,Budgeting; not going out often; and cooking at home.,0.60
rYkvwErdxnmx,2025-03-12T04:01:06+00:00,24,Female,Android,US,rYkvwErdxnmx,Freedom,0.30,Keeping a budget,0.00,I don't know,-0.20
PYl8NRxmOkW1,2025-03-12T04:03:07+00:00,27,Male,Android,US,PYl8NRxmOkW1,The meansbto live and biy,0.10,Money app,0.20,Saving,0.60
8rnd4EP4gnMP,2025-03-12T04:06:19+00:00,22,Female,Android,US,8rnd4EP4gnMP,It means a lot of things; I can help other people; and give them gifts,0.90,I'm not sure; writing down my expenses has helped a lot,0.60,If I write down what I NEED to pay for,-0.50
PYl83JGxpnW1,2025-03-12T04:07:09+00:00,27,Male,Android,US,PYl83JGxpnW1,Means to see my loves,0.90,Having it to begin with,-0.10,Not spending it,-0.70
apkDdVP36k3E,2025-03-12T04:07:19+00:00,21,Female,iOS,US,apkDdVP36k3E,Vital to living,0.40,Setting a budget,0.00,Looking for coupons and deals. Putting money away in a savings account,-0.30
apkDZgXxXl3E,2025-03-12T04:08:42+00:00,27,Male,Android,US,apkDZgXxXl3E,It means being able to procure what is needed to live; such as food; water; and shelter.,0.50,Having a spending and saving plan for each month helps.,0.90,Avoiding spending on things that are not currently needed or buying cheaper options.,0.20
P2nY9GE80n90,2025-03-12T04:10:32+00:00,25,Male,iOS,US,P2nY9GE80n90,A source of lending power,0.20,Separate bank accounts.,0.00,Double my money when I can.,-0.60
J0nmrzWM6lWr,2025-03-12T04:10:44+00:00,27,Male,Android,US,J0nmrzWM6lWr,I use money to buy food and other resources to survive in this world.,0.10,I want to take a shortcut.,-0.20,To make business quick.,0.20
PLlXYRppQ7pv,2025-03-12T04:11:33+00:00,20,Female,Android,US,PLlXYRppQ7pv,A means to living,0.10,Having enough money,0.20,Extreme couponing and budgeting,-0.20
RE7LZqOa3n0v,2025-03-12T04:11:49+00:00,21,Female,Android,US,RE7LZqOa3n0v,Everything,0.40,Idk,0.30,Savings,0.80
Xgl59wdqBl8Q,2025-03-12T04:12:35+00:00,21,Female,iOS,US,Xgl59wdqBl8Q,something i can use to make myself and others happy,0.80,motivation,0.70,i think about my dogs and it motivates me to save for them,0.90
v6n3xrBbWl3Z,2025-03-12T04:13:35+00:00,25,Male,iOS,US,v6n3xrBbWl3Z,It means a lot in my everyday life,0.70,Just thinking about where my money is going,0.00,Not buying things that I don’t need,-0.60
WJkgB6qXY7Pd,2025-03-12T04:15:20+00:00,23,Male,iOS,US,WJkgB6qXY7Pd,Life,0.60,Having cash,0.20,Nothing,-0.60
dKk98x2d57oe,2025-03-12T04:26:01+00:00,26,Male,iOS,US,dKk98x2d57oe,money ruels the world,-0.10,having a goal or something u want,0.40,act like im broke lol,-0.50
wNko4jP0WnBL,2025-03-12T04:27:23+00:00,19,Male,Android,US,wNko4jP0WnBL,Money is something one needs to survive it's like gold something that needs to be taken care if,-0.50,Saving up,0.40,Spend less on wants and Spend a little more on needs,0.00
aJnWmooX67Db,2025-03-12T04:32:38+00:00,23; 24,Female,iOS,US,aJnWmooX67Db,Idk,0.30,Idk,0.30,Idk,0.30
MqkKELozel91,2025-03-12T04:45:51+00:00,27,Female,iOS,US,MqkKELozel91,Freedom. Independence.,0.30,Using a money tracking app. Auto pay. Making six figure income. Spending below my means.,-0.20,Live below your means. Use drugstore and generic products. No children.,-0.50
Xgl5ojo9Mk8Q,2025-03-12T04:51:53+00:00,27,Female,Android,US,Xgl5ojo9Mk8Q,Money means being able to make ends meet and enjoy my hobbies,0.80,The more money I have the easier it is to manage,0.30,Harsh budgeting when necessary,-0.60
GxkV9PNJr7bN,2025-03-12T04:52:18+00:00,27,Female,Android,US,GxkV9PNJr7bN,security,0.30,having a budget plan,0.00,budget plan,0.00
GxkVwbBW1nbN,2025-03-12T04:52:39+00:00,23,Female,Android,US,GxkVwbBW1nbN,Bullshit,-0.90,Not participating in fiat based currency,-0.80,Spending less,0.20
3gkxgMz4D7Wq,2025-03-12T04:57:04+00:00,19,Male,iOS,US,3gkxgMz4D7Wq,Ability to live comfortably on earth,0.80,Budgets,0.00,Understanding the psychology behind sales,0.00
RE7LZqOpan0v,2025-03-12T05:10:31+00:00,23,Male,iOS,US,RE7LZqOpan0v,Money to me means living comfortable,0.80,An end of month chat chart that splits my spending into categories (rent; groceries; fast food spending; fun; investments; etc),0.50,Separating my wants and needs into separate accounts each paycheck,-0.60
MqkKELgYDl91,2025-03-12T05:21:38+00:00,18,Female,iOS,US,MqkKELgYDl91,Something I use to survive,0.10,Having someone help you and having a effective way to do so,0.70,Set certain things aside ahead of time,0.00
2vlz3beJv7Gp,2025-03-12T05:33:11+00:00,22,Female,iOS,US,2vlz3beJv7Gp,Money means a means of living,0.00,Not spending,-0.70,Not spending,-0.70
J0nmpdR26kWr,2025-03-12T05:43:44+00:00,27,Male,Android,US,J0nmpdR26kWr,A means of exchange,0.00,Budgeting,0.00,Budgeting,0.00
WKn02NA267vA,2025-03-12T05:55:20+00:00,22,Male,iOS,US,WKn02NA267vA,A set currency for a population to buy and sell goods,0.00,Apps to help track where it goes,0.20,Have my money make more money,0.40
Xgl5oWdKok8Q,2025-03-12T05:56:20+00:00,27,Female,iOS,US,Xgl5oWdKok8Q,Money can be used to buy experiences and goods,0.20,Saving your money,0.50,By investing,0.00
P2nY2zwBAl90,2025-03-12T06:09:41+00:00,22,Male,iOS,US,P2nY2zwBAl90,It means paper clip,-0.10,Buying things I need instead of wanting,-0.10,Budgeting,0.00
WKn02rrWR7vA,2025-03-12T06:11:09+00:00,27,Female,Android,US,WKn02rrWR7vA,A means of exchange,0.00,A budgeting tool,0.00,Cheap Sales,-0.20
2vlz3bPqO7Gp,2025-03-12T06:14:49+00:00,20,Male,Android,US,2vlz3bPqO7Gp,A means to an end,-0.40,A bank and mobile apps,0.00,Saving and investing,0.60
P2nY9D3PLn90,2025-03-12T06:20:33+00:00,27,Male,Android,US,P2nY9D3PLn90,It mean progressing in life,0.30,Making notes and structure,0.00,Saved and don't waste,0.50
MqkKdAq59n91,2025-03-12T06:22:21+00:00,23,Female,Android,US,MqkKdAq59n91,Depends on how much I have.,0.00,A direct plan.,0.20,Controlling my impulses.,-0.40
Zz7bryr137gY,2025-03-12T06:24:13+00:00,22,Male,iOS,US,Zz7bryr137gY,A form of currency,0.00,Knowing where it’s going,0.30,Pens on things that make me money,0.10
qVlpB2A4QkA5,2025-03-12T06:24:45+00:00,26,Male,iOS,US,qVlpB2A4QkA5,Everything,0.40,PayPal,0.10,Debit card,0.00
dKk98OQOA7oe,2025-03-12T06:33:49+00:00,21,Female,Android,US,dKk98OQOA7oe,Not much,-0.60,What makes it eaiser is calculating all of my cost,0.00,Buying only what I need,0.70
Xgl59BKeol8Q,2025-03-12T06:43:13+00:00,26,Male,Android,US,Xgl59BKeol8Q,It means living to survive,0.00,Keeping track,0.30,Spend less. save more,0.20
WKn02841R7vA,2025-03-12T06:50:08+00:00,20,Male,iOS,US,WKn02841R7vA,Survival,0.10,Needs>wants,0.30,Don’t spend on anything I don’t really need,-0.60
41nq0Rz3jkXq,2025-03-12T06:51:00+00:00,19,Male,iOS,US,41nq0Rz3jkXq,Money means nearly everything to me considering it is what I use to live and entertain myself. The only thing money cannot do is the value of friendship and relationships,0.00,Creating a budget helps manage my money easier,0.90,Making sure to use the 30 day rule of buying something assists with the problem of thinking about an immediate purchase,0.70
p0lOa6NOvk8N,2025-03-12T06:59:28+00:00,22,Male,iOS,US,p0lOa6NOvk8N,Security,0.30,Having an advisor,0.10,Saying I don’t need things,-0.70
apkDdM5zrk3E,2025-03-12T07:00:44+00:00,23,Male,iOS,US,apkDdM5zrk3E,a lot,0.60,myself,0.00,youtube,0.30
eLnBq8Qdako8,2025-03-12T07:04:48+00:00,19,Male,iOS,US,eLnBq8Qdako8,It is a tool for me to survive and gain enjoyment in my life.,0.80,Apps to set my spending and to hold myself accountable.,0.60,Not always giving in to what I want; but to what I need instead.,-0.20
6KnNVo12JnW2,2025-03-12T07:19:06+00:00,24,Male,iOS,US,6KnNVo12JnW2,It means stability and peace of mind.,0.80,A spreadsheet or app that keeps track of my expenses. I also want to organize my deposits and withdrawals.,0.20,Layaway.,0.00
p0lOG2WNVl8N,2025-03-12T07:27:32+00:00,23,Female,iOS,US,p0lOG2WNVl8N,freedom to do what i want,0.80,having goals,0.20,budgeting,0.00
aJnWx21RKlDb,2025-03-12T07:39:13+00:00,27,Male,Android,US,aJnWx21RKlDb,It means survival,0.00,Myself,0.00,Survival,0.10
0xk2dba8RlAw,2025-03-12T08:06:30+00:00,27,Female,iOS,US,0xk2dba8RlAw,it means freedom,0.20,having someone else do it for u,0.00,be judicious about how you soend,-0.40
MjnZ6w0L4nwP,2025-03-12T08:09:45+00:00,26,Male,Android,US,MjnZ6w0L4nwP,Freedom,0.30,The want to travel,0.40,Plan a trip a year out and work it off,-0.20
41nq0j5rvkXq,2025-03-12T08:21:10+00:00,23,Male,iOS,US,41nq0j5rvkXq,The ability to spend without needing to worry,0.90,Someone else doing it for me,-0.20,Save first; then take care of bills before spending,0.00
Bp7P30mRjl2x,2025-03-12T08:33:23+00:00,21,Male,Android,US,Bp7P30mRjl2x,The independence given to me to reward myself for my hard work and help others.,0.90,Tracking how much I've spent.,0.10,Budgeting,0.00
aOkQbjVWwn4y,2025-03-12T08:53:44+00:00,23,Male,iOS,US,aOkQbjVWwn4y,Money is the essence of life. It is key to agency and happiness and freedom,0.40,Having lots of it. Having apps that can help me see the whole financial picture in one view,0.60,Putting it in investments that appreciate and will force you to realize capital gains and pay taxes if you sell,-0.20
PLlXYeArQ7pv,2025-03-12T08:54:45+00:00,26,Female,Android,US,PLlXYeArQ7pv,A means to survival,0.10,Auto transfer into savings,0.40,None,-0.40
XOlEjjZRA7gp,2025-03-12T08:57:59+00:00,24,Female,Android,US,XOlEjjZRA7gp,I dont want it to control my life; but unfortunately it has to. It corrupts thinga,-0.20,Apps,0.20,Good self control; and patience,0.90
aXk4d3444kJW,2025-03-12T09:05:56+00:00,25,Female,Android,US,aXk4d3444kJW,A lot; without money you can not do nothing,-0.70,Ti be discipline,-0.20,Spend less,-0.10
aJnWxpRaQlDb,2025-03-12T09:12:49+00:00,26,Male,Android,US,aJnWxpRaQlDb,It means more wealth,0.40,Being organized,0.00,Save something first,-0.20
PLlXY2ojy7pv,2025-03-12T10:04:18+00:00,25,Male,iOS,US,PLlXY2ojy7pv,It’s a way to condense time into a resource for trade,0.20,Having a reliable source of income which further enables my already frugal spending,0.80,Considering what I do or don’t need,0.00
Xgl5oj9DGk8Q,2025-03-12T10:16:50+00:00,24,Female,iOS,US,Xgl5oj9DGk8Q,Comfort and lifestyle,0.90,Saving it,0.20,CDs and retirement accounts,0.00
Xgl5ovawok8Q,2025-03-12T10:18:04+00:00,20,Male,iOS,US,Xgl5ovawok8Q,Something necessary to get what I want,0.20,Banking apps and money makers like OnePulse,0.00,Spend less whilst saving up more,0.10
qwneoY6VW75r,2025-03-12T10:20:33+00:00,23,Female,iOS,US,qwneoY6VW75r,Financial freedom and opening new opportunities.,0.50,A budget.,0.00,A high-yield savings account.,0.80
XQnwRNm3XkP2,2025-03-12T10:42:21+00:00,25,Female,iOS,US,XQnwRNm3XkP2,It’s how we survive,0.20,Having online banking apps,0.10,Being realistic with wants and needs,0.50
4N7MPK0D1ljE,2025-03-12T10:52:35+00:00,26,Male,Android,US,4N7MPK0D1ljE,Freedom and ability to have everything I want,0.90,Putting some in my savings,0.00,Not taking money out of my savings,-0.50
p6n1jD2PElD2,2025-03-12T11:00:46+00:00,24,Male,iOS,US,p6n1jD2PElD2,Buying power to meet my daily needs,0.70,Budgeting and prioritizing,-0.10,Only use it for essential things,0.00
4N7MPDYJ1ljE,2025-03-12T11:01:58+00:00,27,Male,Android,US,4N7MPDYJ1ljE,Freedom.,0.30,Having a lot of it.,0.40,Making sacrifices.,-0.20
P2nY20PKDl90,2025-03-12T11:16:07+00:00,19,Female,iOS,US,P2nY20PKDl90,Freedom,0.30,Saving,0.60,Saving,0.60
2OkaLgdpV7am,2025-03-12T11:47:45+00:00,27,Female,iOS,US,2OkaLgdpV7am,A way to afford my way of life,0.60,Trying to budget and save,0.00,Budgeting and saving money instead of saving,0.00
PYl8NXpEykW1,2025-03-12T11:50:02+00:00,27,Male,iOS,US,PYl8NXpEykW1,Great,0.90,Great,0.90,Great,0.90
gK7yoDJrznae,2025-03-12T11:57:16+00:00,23,Female,iOS,US,gK7yoDJrznae,Fun,0.90,Apps,0.20,Saving,0.60
qVlpBA5JokA5,2025-03-12T12:00:57+00:00,19,Male,Android,US,qVlpBA5JokA5,Money has always been incredibly important to me as it determines how my life goes.,0.20,Using a spreadsheet makes managing money easier for me.,0.80,Investing in a broad market ETF makes my money last.,0.20
MqkKEL01vl91,2025-03-12T12:08:29+00:00,27,Female,Android,US,MqkKEL01vl91,A way of being able to be independent.,0.10,Keeping track of where it is all going and what bills may be coming up.,0.00,Using a calculator in the store to make sure im.not going over budget.,-0.30
P2nY22yQPl90,2025-03-12T12:09:39+00:00,22,Female,iOS,US,P2nY22yQPl90,Being able to get what I want or need,0.80,Not wanting,-0.80,Idk,0.30
Xgl59BGeMl8Q,2025-03-12T12:17:35+00:00,25,Female,Android,US,Xgl59BGeMl8Q,It means being able to make ends meet and still enjoy life,0.90,Know the bills I need to pay and budgeting,-0.20,Using coupons and rebate apps,0.00
dKk90YXM57oe,2025-03-12T12:33:30+00:00,25,Female,Android,US,dKk90YXM57oe,It's a gateway to comfort,0.60,Keeping track of expenses,0.50,Not shopping online,-0.70
WKn0229y47vA,2025-03-12T12:42:42+00:00,24,Male,Android,US,WKn0229y47vA,Luxury,0.90,Spending less,0.20,Not going shopping,-0.80
Zz7brXg8O7gY,2025-03-12T12:51:11+00:00,24,Female,Android,US,Zz7brXg8O7gY,Money means freedom to make my own choices,0.50,Keeping a clear budget makes managing my money easier,0.90,Not impulse spending and cooking at home and having coffee at home,-0.20
eLnBqqj5xko8,2025-03-12T12:52:56+00:00,20,Female,iOS,US,eLnBqqj5xko8,Its ability; peace; safety,0.70,Spreedsheets and online tracking,0.00,My spreedsheets irk allows me to see how much I spend on each category,0.80
eLnBqMyLako8,2025-03-12T12:57:50+00:00,24,Male,Android,US,eLnBqMyLako8,Security,0.30,Not being wasteful,0.30,Not spending more then i make,-0.30
dKk90EXxb7oe,2025-03-12T13:01:11+00:00,24,Male,Android,US,dKk90EXxb7oe,It means alot. I can get the things I want,0.40,Getting a job,0.00,Prioritize on what to spend,0.00
PLlX2QNGAkpv,2025-03-12T13:03:51+00:00,25,Male,Android,US,PLlX2QNGAkpv,It is a means to do nothing or be absoluttely worried about,-0.30,Budgeting,0.00,Just dont spend.,-0.70
aXk4dw9XakJW,2025-03-12T13:09:13+00:00,22,Female,Android,US,aXk4dw9XakJW,None,-0.40,None,-0.40,None,-0.40
8rnd4OG6gnMP,2025-03-12T13:17:48+00:00,24,Female,Android,US,8rnd4OG6gnMP,Life,0.60,Not spending,-0.70,Not eating,-0.80
P2nY9qmLyn90,2025-03-12T13:24:29+00:00,20,Male,Android,US,P2nY9qmLyn90,Opportunity,0.20,Putting the effort it took to get it into perspective,0.00,Mandatory part going into savings,0.10
4N7MJaBRgkjE,2025-03-12T13:40:59+00:00,24,Female,iOS,US,4N7MJaBRgkjE,Freedom,0.30,Apps,0.20,Budgeting,0.00
XQnwY9BW37P2,2025-03-12T13:59:14+00:00,27,Male,Android,US,XQnwY9BW37P2,Currency something I can use to buy something,0.20,Having a financial advisor,0.10,don't impulse buy,-0.80
qVlpBDmPQkA5,2025-03-12T14:07:57+00:00,23,Male,Android,US,qVlpBDmPQkA5,It is a way to buy things you want,0.70,Accounts and people that help you,0.30,Savings accounts,0.20
Zz7bo6Nj3kgY,2025-03-12T14:09:36+00:00,25,Male,Android,US,Zz7bo6Nj3kgY,A means to live,0.20,Having money,0.50,Using coupons; cash back; and using the best card,0.70
6KnNyapQJkW2,2025-03-12T14:19:10+00:00,25,Female,iOS,US,6KnNyapQJkW2,money is not real but also very real.,0.30,setting it categorized,0.00,not going out,-0.70
XQnwYQpeM7P2,2025-03-12T14:20:43+00:00,25,Female,iOS,US,XQnwYQpeM7P2,Ok,0.70,Ni,-0.10,Not buying anything,-0.80
1GnjBwzo8nDA,2025-03-12T14:34:40+00:00,22,Male,Android,US,1GnjBwzo8nDA,Financial stability.,0.50,Saving & reducing costs.,0.80,Budgeting & planning.,0.00
Ka76NGGZM7L1,2025-03-12T14:34:45+00:00,24,Male,iOS,US,Ka76NGGZM7L1,Great,0.90,Easy,0.70,Leas,0.30
eLnBqaMa6ko8,2025-03-12T14:38:25+00:00,27,Female,iOS,US,eLnBqaMa6ko8,A means to live and get by day to day,0.30,Making a thorough budget,0.60,Not going to the store often,-0.50
Ka76NQz257L1,2025-03-12T14:39:21+00:00,27,Male,iOS,US,Ka76NQz257L1,Money means freedom from time and stress,0.60,Having help,0.30,Cut expenses; invest; increase income,0.10
aOkQRxBxzn4y,2025-03-12T14:50:25+00:00,18,Male,iOS,US,aOkQRxBxzn4y,It sucks,-0.90,Family,0.50,Don’t buy name brands,-0.70
PLlX2QMRWkpv,2025-03-12T14:52:42+00:00,25,Female,iOS,US,PLlX2QMRWkpv,Being able to purchase necessities,0.70,Apps that help me budget,0.80,Only spending money on things I need,0.10
yxlRvzaBLlRB,2025-03-12T14:52:43+00:00,26,Female,iOS,US,yxlRvzaBLlRB,life dependency,0.10,Having money to manage,0.10,Hiding it from myself,-0.10
aOkQbBrmgn4y,2025-03-12T14:53:01+00:00,22,Female,iOS,US,aOkQbBrmgn4y,Money meaning a way to survive,-0.20,By saving it up for emergency use,0.30,Spending less,0.20
Zz7broGPB7gY,2025-03-12T15:03:56+00:00,25,Female,iOS,US,Zz7broGPB7gY,It’s a tool to do things,0.00,Technology,0.10,Awareness,0.20
qVlpBDMDGkA5,2025-03-12T15:06:02+00:00,27,Female,Android,US,qVlpBDMDGkA5,Necessary for anything required to survive.,0.50,If I had more money to work with.,-0.40,I'm still learning; don't have the best money tricks ideas.,-0.40
v6n3xdv0Wl3Z,2025-03-12T15:07:07+00:00,27,Male,iOS,US,v6n3xdv0Wl3Z,Comfort,0.90,Tracking it,-0.10,Use coupons,0.00
aOkQRx3jOn4y,2025-03-12T15:08:00+00:00,25,Male,iOS,US,aOkQRx3jOn4y,A means for living and enjoyment,0.80,Having accountability,0.30,Pretend you don’t have any,-0.60
PLlX234X6kpv,2025-03-12T15:09:26+00:00,27,Female,Android,US,PLlX234X6kpv,Living,0.30,Apps on my phone,0.00,Wants vs need mindset,-0.30
Zz7bo5Ze1kgY,2025-03-12T15:15:06+00:00,23,Male,iOS,US,Zz7bo5Ze1kgY,Stability,0.30,Knowing how much I spend on bills,0.40,I don’t have none,-0.10
rYkvwB40Knmx,2025-03-12T15:21:50+00:00,22,Male,iOS,US,rYkvwB40Knmx,A means to freedom,0.30,Saving,0.60,setting some aside every week,0.00
G0lA6ayEr7Pj,2025-03-12T15:24:45+00:00,22,Male,Android,US,G0lA6ayEr7Pj,It's something to make life more comfortable,0.70,Apps and services,0.00,Keeping track of what I spend,0.70
6KnNVDMwPnW2,2025-03-12T15:24:47+00:00,27,Male,Android,US,6KnNVDMwPnW2,Security and comfort,0.70,Dashboards showing inflows and outflows; aggregated view on performance of all investments,0.00,Buying cheaper gas; eating in more,0.30
G0lA6A1or7Pj,2025-03-12T15:25:02+00:00,23,Male,iOS,US,G0lA6A1or7Pj,It allows me to do what I want to do,0.90,Keeping close tabs,-0.10,Taking out cash,-0.60
apkDdzMADk3E,2025-03-12T15:25:32+00:00,27,Male,Android,US,apkDdzMADk3E,its necessary to live,0.10,having an income,0.10,not spending it,-0.70
8rndN6XA17MP,2025-03-12T15:32:10+00:00,23,Female,iOS,US,8rndN6XA17MP,Money means financial security and stability,0.40,Budgeting apps,0.00,Put it away in nest eggs,0.00
aJnWx5JWJlDb,2025-03-12T15:35:55+00:00,25,Female,iOS,US,aJnWx5JWJlDb,Money means survival to me.,0.10,Planning a budget,0.00,Not buying items impulsively. I wait a few weeks to see if i really want something.,-0.60
XQnwRy42ykP2,2025-03-12T15:37:18+00:00,21,Female,iOS,US,XQnwRy42ykP2,Money means almost everything to me. It makes the world go round.,0.40,A budgeting book where I can write out a plan,0.30,Eating at home instead of eating out,0.30
gK7yo01Opnae,2025-03-12T15:37:45+00:00,25,Female,iOS,US,gK7yo01Opnae,A means to survive. A reason for stress; depression; and anxiety,-0.20,Having enough of it,0.40,Staying home,0.00
P2nY2gapzl90,2025-03-12T15:38:49+00:00,18,Male,iOS,US,P2nY2gapzl90,having things i want or need,0.80,my banking app,0.40,not spending it,-0.70
Xgl59Rxovl8Q,2025-03-12T15:39:41+00:00,27,Female,iOS,US,Xgl59Rxovl8Q,Nothing,-0.60,Nothing,-0.60,Nothing,-0.60
p6n1jvJb1lD2,2025-03-12T15:40:32+00:00,23,Female,iOS,US,p6n1jvJb1lD2,Something that is needed in this world,0.60,Spending a little and saving more,0.30,Only spend money on things that you know you’re going to use and don’t waste money on useless stuff,-0.50
XQnwY0ZEp7P2,2025-03-12T15:52:13+00:00,26,Male,Android,US,XQnwY0ZEp7P2,It allows me to continue living,0.80,Talking to knowledgeable people,0.80,Buying less expensive variants,0.20
8rndNZLmg7MP,2025-03-12T15:58:51+00:00,26,Male,Android,US,8rndNZLmg7MP,It's a necessary evil; you need it even if it's the source of so much going wrong today.,-0.70,Ruthless budgeting,-0.50,Buy cheap and buy big sizes,0.30
gK7y6Q1Yqkae,2025-03-12T16:06:22+00:00,22,Male,Android,US,gK7y6Q1Yqkae,Money means peace of mind and security.,0.80,An excess of money. Or a program with clear visualization of my income and spending habits,-0.20,Whenever I am contemplating spending money I put it in terms of time spend to make that amount of money. It helps me not spend as muchm,0.60
JGnJ1ovPjkbx,2025-03-12T16:14:19+00:00,23,Male,Android,US,JGnJ1ovPjkbx,Money is a tool to serve a need,0.00,A budget,0.00,Following the budget,0.00
aXk4dbBy8kJW,2025-03-12T16:14:42+00:00,21,Male,iOS,US,aXk4dbBy8kJW,Money is like a means to do angthing,-0.30,Get a person,-0.30,Where are people foing,-0.20
wNko4MYwxnBL,2025-03-12T16:19:36+00:00,26,Female,Android,US,wNko4MYwxnBL,money means secruity wealth and happiness,0.70,having a budget and choosing what to buy or eat makes it alot easier,0.90,some tricks is choosing to look for the only best of deals and buy things you need not want.,-0.60
eLnB85KNa7o8,2025-03-12T16:31:32+00:00,24,Male,iOS,US,eLnB85KNa7o8,It is what we need to survi,0.40,Spreadsheets,0.30,Spreadsheets; apps that track subscriptions; eating a lot at home,0.50
eLnBqDLdako8,2025-03-12T16:38:31+00:00,24,Female,iOS,US,eLnBqDLdako8,It means security and being able to eat well.,0.80,I have a couple apps on my phone that make managing my money easier.,0.50,I normally give up extras and cut corners to make my money last longer.,-0.20
Xgl59B0jMl8Q,2025-03-12T16:38:34+00:00,23,Female,Android,US,Xgl59B0jMl8Q,A tool to barter with,0.10,Having multiple streams of income flowing into ones life,0.40,Investing,0.10
gK7y6P383kae,2025-03-12T16:40:15+00:00,24,Male,Android,US,gK7y6P383kae,Yes,0.60,Yes,0.60,Yes,0.60
3gkxgjN427Wq,2025-03-12T16:43:17+00:00,24,Female,iOS,US,3gkxgjN427Wq,A path to Finical freedom and joy,0.30,Savings,0.80,Saving,0.60
WKn02vz827vA,2025-03-12T16:50:18+00:00,20,Female,iOS,US,WKn02vz827vA,A way to stay alive,0.60,Having it in the first place,0.20,Not spending it,-0.70
v6n3dvw5al3Z,2025-03-12T16:57:48+00:00,26,Male,iOS,US,v6n3dvw5al3Z,Currency,0.10,Financial advisor,0.10,Saving,0.60
aOkQRV3Rzn4y,2025-03-12T17:07:14+00:00,27,Male,iOS,US,aOkQRV3Rzn4y,Money means security to me.,0.50,Working more hours from home as well.,0.50,Having it in savings.,0.70
JGnJ1DR2okbx,2025-03-12T17:16:03+00:00,18,Male,iOS,US,JGnJ1DR2okbx,everything,0.40,it’s the best,0.90,alps,0.30
1GnjBLrgqnDA,2025-03-12T17:17:06+00:00,25,Female,iOS,US,1GnjBLrgqnDA,A means to buying the things I need,0.50,Buying only what you need not want,-0.20,Not touching it unless if it’s a news,-0.60
aXk4ONwB47JW,2025-03-12T17:17:23+00:00,22,Male,Android,US,aXk4ONwB47JW,Money is what makes this world,0.30,Saving,0.60,Send it straight to savings,0.00
Xgl5oWEmMk8Q,2025-03-12T17:17:51+00:00,27,Female,Android,US,Xgl5oWEmMk8Q,A means to an end; something that will let me survive and be okay,0.00,Budgeting apps; warning messages avout upcoming payments.,-0.20,Forcing myself to wait and think about purchases; not going to events where I'll spend money,-0.80
RE7LZAjZ4n0v,2025-03-12T17:21:26+00:00,19,Male,Android,US,RE7LZAjZ4n0v,Your standing and commitment in kife,0.60,Banks and apps,0.00,Self control and telling myself I don't need certain things,-0.50
6KnNVoEaPnW2,2025-03-12T17:30:37+00:00,25,Male,iOS,US,6KnNVoEaPnW2,The ability to live life freely,0.70,Having different savings accounts with different purposes,0.60,Not buying something if i cant afford two of them,-0.60
v6n3dVGxYl3Z,2025-03-12T17:44:54+00:00,23,Female,Android,US,v6n3dVGxYl3Z,Money means the ability to survive in a world dependent on it,0.00,Savings accounts and budgets,0.20,Putting it somewhere I forget about it; like PayPal,-0.10
Ka76EXqejlL1,2025-03-12T17:54:31+00:00,26,Male,iOS,US,Ka76EXqejlL1,It’s a tool for life; but not the main goal or reason to live,-0.30,Not spending it and having realistic savings and investing goals as a safeguard for life,0.40,Be frugal and really think about what you need to improve your quality of life rather than what is just a waste,-0.70
WKn0Xa2rVnvA,2025-03-12T17:54:52+00:00,23,Male,iOS,US,WKn0Xa2rVnvA,A tool used to buy things you want and feel stable in life,0.70,Apps on my phone,0.00,Investing and sticking to my budget,0.00
wNko42LQgnBL,2025-03-12T17:56:25+00:00,19,Female,iOS,US,wNko42LQgnBL,A way to survive and make life easier with supplying your needs,0.70,Having a savings account seperately,0.50,Budgeting and adding up how much to save,0.60
2OkaGweO3lam,2025-03-12T17:59:49+00:00,27,Female,Android,US,2OkaGweO3lam,It means security and happiness only for some things in life,0.10,Seeing how much I have and deep thinking about if I really need something,0.60,Moving extra money to my savings account,0.10
aOkQbqA2dn4y,2025-03-12T18:01:43+00:00,27,Male,iOS,US,aOkQbqA2dn4y,It can use it to buy something,0.20,Real time amount and quick without need to take extra step O,0.90,Think a long time before spend it,-0.50
MJkGZx1EZ7bx,2025-03-12T18:01:48+00:00,25,Female,iOS,US,MJkGZx1EZ7bx,A means of survival,0.20,Only spending when next,-0.30,Never spending unless necessary,-0.20
WJkgoPrzZkPd,2025-03-12T18:02:36+00:00,22,Female,iOS,US,WJkgoPrzZkPd,Money is the currency of time + your skill set and what we use in place of trades to acquire things.,0.10,Keeping up with it. It’s easier if you make enough that you aren’t living paycheck to paycheck.,0.10,Keeping down recurring expenses and making a list of big purchases for the future instead of buying everything when I think of it.,0.50
qVlp9NwdR7A5,2025-03-12T18:07:37+00:00,24,Female,iOS,US,qVlp9NwdR7A5,Money makes me feel comfortable,0.90,Saving and paying up everything to stay ahead,0.80,Being two months ahead of rent and my car,-0.70
apkDZx4gDl3E,2025-03-12T18:08:05+00:00,22,Female,Android,US,apkDZx4gDl3E,Life,0.60,Fully transparent banks; making money pots,0.40,Buy what's on sale,0.00
Ka76NmjKd7L1,2025-03-12T18:11:19+00:00,20,Male,Android,US,Ka76NmjKd7L1,Having enough to pay for things,0.00,My tools management tools,0.40,I'm holding on to it a little longer,0.00
RE7LzNWg5n0v,2025-03-12T18:12:43+00:00,24,Female,iOS,US,RE7LzNWg5n0v,Something you need to survive,0.10,Apps and tracking spending,-0.10,Tracking my purchases,0.00
0xk2W0W25nAw,2025-03-12T19:05:33+00:00,19,Male,iOS,US,0xk2W0W25nAw,Living,0.30,Less pipelines to know,-0.30,Eat at home,-0.10
2vlzQ3v0qnGp,2025-03-12T19:11:27+00:00,24,Female,iOS,US,2vlzQ3v0qnGp,Financial freedom,0.40,Apps,0.20,Budgets,0.00
2vlzQ3rDVnGp,2025-03-12T19:11:40+00:00,18,Male,Android,US,2vlzQ3rDVnGp,Money is a factor played in everyone's life. It's a means of trade between individuals. You pay to buy food; drinks; to live in the apartment for longer; etc.,0.00,Budgeting helps you manage your money. Through budgeting; you won't need to worry about overspending.,0.80,You can make your money last by saving and investing. You could also refrain from spending as often. Only spend money for the necessities.,0.10
aXk4OjMdp7JW,2025-03-12T19:17:55+00:00,24,Female,iOS,US,aXk4OjMdp7JW,It means security,0.10,Budgeting tools like spreadsheets,0.00,Not buying random things; acting like my credit card is a debit card,-0.80
GxkV9mWVm7bN,2025-03-12T19:27:04+00:00,23,Female,Android,US,GxkV9mWVm7bN,It like a life source,0.70,Knowing what services I'm paying for like Netflix; Hulu and managing them. As well as keeping my receipts of what i've bought.,0.10,Buying what I need and not what I want. Sometimes I want to go out to eat; but I don't need it so I don't.,-0.40
PYl83z81RnW1,2025-03-12T19:37:58+00:00,27,Female,iOS,US,PYl83z81RnW1,Money means freedom to do what I want!,0.90,Apps or websites that keep track of your money in other accounts as well,0.20,Always look for deals!,0.90
WKn0XR32YnvA,2025-03-12T19:42:01+00:00,27,Female,Android,US,WKn0XR32YnvA,Freedom to do what I want,0.80,Being on top of it - regular check ins and monitoring,0.00,Wait to buy things! No impulse purchases,0.00
dKk90dLZZ7oe,2025-03-12T19:47:07+00:00,20,Male,Android,US,dKk90dLZZ7oe,A means to a good life,0.80,I don't know,-0.20,Being able to automatically place it somewhere and forget about it,-0.30
WKn0XGEV6nvA,2025-03-12T19:52:42+00:00,26,Male,iOS,US,WKn0XGEV6nvA,Everything. It makes things go round,0.00,A nice bank account,0.80,Don’t spend,-0.80
XQnwY155A7P2,2025-03-12T20:11:17+00:00,26,Male,iOS,US,XQnwY155A7P2,Work is rewarded and able to live,0.70,Cutting unnessecary  purchases,-0.30,Only spending what I absolutely need to,0.40
v6n3x8O2Ml3Z,2025-03-12T20:12:17+00:00,19,Female,iOS,US,v6n3x8O2Ml3Z,It means that product that allows me to live,0.70,Help by my family helps me manage my money,0.80,I don’t have tricks unfortunately,-0.70
XOlEE4eQjlgp,2025-03-12T20:12:19+00:00,23,Male,Android,US,XOlEE4eQjlgp,Freedom,0.30,Budgeting apps and trackers,0.00,Automate,0.30
PYl8NLPjykW1,2025-03-12T20:28:34+00:00,24,Female,iOS,US,PYl8NLPjykW1,That I can buy myself a few things whenever I want,0.80,I don’t get away much,-0.60,Save some,0.10
wNkoZ9GoM7BL,2025-03-12T20:35:34+00:00,24,Female,Android,US,wNkoZ9GoM7BL,Makes the workd go round,0.20,Low prices,0.70,Cheaper prices,0.70
p0lOGp8wvl8N,2025-03-12T20:40:16+00:00,24,Female,iOS,US,p0lOGp8wvl8N,Money means financial freedom,0.10,Spreadsheets; having important subscriptions only; paying bills on time,0.00,Have a weekly budget,0.00
aXk4dbeNpkJW,2025-03-12T20:42:48+00:00,18,Female,iOS,US,aXk4dbeNpkJW,Nothing,-0.60,Keeping it in the bank,0.00,Idk,0.30
rYkvNd9Aokmx,2025-03-12T21:07:07+00:00,25,Male,iOS,US,rYkvNd9Aokmx,Independence,0.30,Not having to juggle things,0.30,Not spending on unnecessary things,0.60
p6n1OyDEo7D2,2025-03-12T21:15:49+00:00,27,Female,iOS,US,p6n1OyDEo7D2,Money doesn’t define who I am but it’s good to have when in need,0.00,Writing bills down & what I’ll have left over,-0.40,Not to spend,-0.40
2OkaG5Loelam,2025-03-12T21:15:51+00:00,21,Male,iOS,US,2OkaG5Loelam,I don’t think I have any idea what this was about I think I have no idea,-0.50,I don’t know if you know this or you don’t but you are a very nice guy and you are a good guy and I hope you are doing better,0.80,I don’t think I have ever seen a single person that I don’t know in my lifetime that would be able to get me out of this,0.60
Bp7P3rAvpl2x,2025-03-12T21:17:33+00:00,25,Male,iOS,US,Bp7P3rAvpl2x,Comfort; stability,0.90,Keeping track of my expenses and income,0.50,Not ordering delivery; couponing; shopping around for deals,-0.70
Xgl59Bedel8Q,2025-03-12T21:21:36+00:00,26,Female,iOS,US,Xgl59Bedel8Q,It means power and comfort,0.70,If I actually worked enough to afford stuff on my own,-0.30,Not being bipolar but that’s not gonna go away :),0.70
J0nmpqMEYkWr,2025-03-12T21:42:16+00:00,24,Female,iOS,US,J0nmpqMEYkWr,it means a way to get food; a roof; fun things,0.80,keeping track of what I spend,0.70,being able to say no and have discipline,0.20
MqkKEVypel91,2025-03-12T22:04:10+00:00,21,Female,iOS,US,MqkKEVypel91,Paper,-0.10,Less bikes,-0.50,Cashing it out,-0.30
6KnNywQzbkW2,2025-03-12T22:12:31+00:00,24,Male,Android,US,6KnNywQzbkW2,Everything,0.40,Make my math,-0.20,Manual math,0.00
G0lA8EPKmnPj,2025-03-12T22:39:07+00:00,26,Female,iOS,US,G0lA8EPKmnPj,Spending power and responsibility,0.00,Mobile bankkng,0.00,Budgeting,0.00
dKk988o2J7oe,2025-03-12T22:49:57+00:00,26,Female,iOS,US,dKk988o2J7oe,A lot bills,-0.30,Putting it away,-0.70,Hiding it from me,-0.40
XQnwRNLyQkP2,2025-03-12T23:11:45+00:00,25,Female,iOS,US,XQnwRNLyQkP2,survive,0.10,bank,0.10,saving account,0.00
XOlEj8K5j7gp,2025-03-12T23:26:50+00:00,24,Female,Android,US,XOlEj8K5j7gp,It's just money,-0.50,Apps,0.20,Don't go hungry to the store,-0.40
6KnNVoB65nW2,2025-03-12T23:45:05+00:00,26,Female,iOS,US,6KnNVoB65nW2,It means a way to be safe and find comfort and enjoyment,0.80,Using Sofi to have my money separated into vaults and everything just auto deposits into their categories when I get paid,-0.70,Keeping track of my spending vs my weekly budget for spending,0.70
1GnjNoawmnDA,2025-03-13T00:30:28+00:00,27,Female,iOS,US,1GnjNoawmnDA,Money means stability. It means safety and security. Money is a primary motivator and I thank the universe I do a job I love but I need to work several to make enough money.,0.30,If I had a good budget system. Also making more money makes it easier to manage because I can automatically direct deposit it into a savings account,0.30,Eating out infrequently. Having part (a small part) of my paycheck go into savings automatically.,0.10
aJnWx254KlDb,2025-03-13T01:13:09+00:00,24,Male,iOS,US,aJnWx254KlDb,meaningless numbers,-0.80,budgeting apps and mindfulness,0.00,cutting spending habits,0.30
qwneobXBj75r,2025-03-13T01:56:19+00:00,25,Female,iOS,US,qwneobXBj75r,The only uuuuy thing I can say,0.00,The only way I could do,0.10,The only way I could do that,0.00
P2nY2zqPAl90,2025-03-13T02:02:46+00:00,24,Female,iOS,US,P2nY2zqPAl90,Money is a means to an end; a way to achieve what I want in life and make myself and my friends and family happy and provided for.,0.30,Managing money is easy with tools/financial advisors; and other solutions like these.,0.60,Shopping sales; couponing; and side hustles help me!,0.50
4N7MJ4wZKkjE,2025-03-13T02:14:47+00:00,25,Female,iOS,US,4N7MJ4wZKkjE,Security; safety,0.40,Online banking,0.00,Waiting 24 hours before buying something after “adding to cart” to see if you really do want it or if it was an impulse purchase,-0.50
Ka76EJj39lL1,2025-03-13T03:26:48+00:00,24,Female,iOS,US,Ka76EJj39lL1,A way to buy things,0.30,Excel spreadsheets,0.70,Saving money,0.90
J0nmpB8aakWr,2025-03-13T04:52:25+00:00,26,Male,Android,US,J0nmpB8aakWr,Money is something I can use to make my life easier,0.60,Having lots of money makes everything easier; including managing your money,0.90,Buying things on sale; clipping coupons; shopping less frequently; avoiding expensive items,0.50
XQnwRND84kP2,2025-03-13T13:08:13+00:00,23,Male,iOS,US,XQnwRND84kP2,it’s an idea that i wish would be abolished; it creates more harm than good,-0.70,having a spreadsheet; talking to my partner,0.00,cooking all my own food,0.30
apkDZPqxxl3E,2025-03-13T13:10:47+00:00,26,Female,iOS,US,apkDZPqxxl3E,Money means stability,0.50,Using spreadsheets and budgeting makes managing money easier,0.90,Only buying what you need and budgeting helps make money last,0.90
qwneWz8Bm75r,2025-03-13T13:31:03+00:00,20,Male,Android,US,qwneWz8Bm75r,Not much,-0.60,Computers,0.00,Pinching pennies,-0.40
MjnZ6QQmqnwP,2025-03-13T14:18:35+00:00,26,Female,Android,US,MjnZ6QQmqnwP,Unfortunately it means everything to me currently. Getting myself out of debt; mostly.,-0.60,Having all bill dates saved in my calendar,0.20,Not applicable,-0.80
apkDZ9Lg6l3E,2025-03-13T14:21:52+00:00,25,Female,iOS,US,apkDZ9Lg6l3E,Money means more opportunities to get you to where you want to go and become.,0.60,It’s good to manage your money ; so you know what to spend and what not to spend and how much you have. Its smart to spend it wisely.,0.70,Only carry so much cash on me; once it’s done then I know I can’t spend anymore of my money. So spend it wisely.,-0.30
Xgl5ogrXok8Q,2025-03-13T14:41:21+00:00,24,Female,iOS,US,Xgl5ogrXok8Q,You need it to live and pretty much be happy bc no one is happy poor,-0.20,Saving cash,0.70,Having cash,0.20
MJkGZRAaN7bx,2025-03-13T15:20:56+00:00,26,Male,Android,US,MJkGZRAaN7bx,Freedom,0.30,A partner to help,0.40,Coupons and deals,0.40
JGnJ1Jredkbx,2025-03-13T15:21:28+00:00,26,Female,iOS,US,JGnJ1Jredkbx,Money means security and the ability to obtain worldly goods and basic necessities. Money can create power.,0.20,Clear understanding of how money has been spent. Financial advising apps,0.40,Budgeting basic needs and giving allotments for fun stuff.,0.50
aJnWm6zXK7Db,2025-03-13T15:21:30+00:00,23,Female,iOS,US,aJnWm6zXK7Db,Money means stability and freedom,0.70,Writing out and keeping note of your bills and expenses. Noting when each of them are due and how much you receive monthly.,-0.10,Being frugal and don’t indulge. Staying inside and not going out.,-0.30
JGnJ1Jmxokbx,2025-03-13T15:21:56+00:00,25,Male,Android,US,JGnJ1Jmxokbx,Security,0.30,Good UI on financial apps,0.80,Doing no spend days or weeks,0.00
WJkgB633e7Pd,2025-03-13T15:23:40+00:00,22,Male,iOS,US,WJkgB633e7Pd,Money means more chances or opportunities.,0.20,Digital banking and personal finance apps.,0.00,I always pay off my credit card debt in full every month.,-0.10
XQnwRNm9pkP2,2025-03-13T15:32:36+00:00,27,Female,iOS,US,XQnwRNm9pkP2,Consistency and protection,0.70,Using a spreadsheet,-0.20,Keeping a log of my spending,0.10
WKn02yDwY7vA,2025-03-13T15:35:07+00:00,27,Female,Android,US,WKn02yDwY7vA,Happiness; love,0.90,Set financial goals,0.10,My investment,0.20
yxlRJa2Z1lRB,2025-03-13T15:38:09+00:00,21,Male,Android,US,yxlRJa2Z1lRB,Money means security to be comfortable,0.80,Having a way to predict my financial future,0.50,I choose to invest wisely,0.00
Bp7P3B3ROl2x,2025-03-13T15:39:50+00:00,27,Female,Android,US,Bp7P3B3ROl2x,being able to do whatever I want,0.90,having a budget planner,0.20,having a savings account,0.60
Ka76NrQDx7L1,2025-03-13T15:41:01+00:00,26,Male,iOS,US,Ka76NrQDx7L1,A means for paying for what I want and need,0.30,Banks,-0.10,Not carrying cash on me,-0.70
XOlEEmLRelgp,2025-03-13T15:42:15+00:00,27,Female,iOS,US,XOlEEmLRelgp,It is a way to ensure my needs are taken care of.,0.80,Righting down all the bills and expenses that need to be paid,-0.30,Using cash back sites; shopping sales; and planning out spending as much as possible,0.30
WJkgoPMLbkPd,2025-03-13T15:43:02+00:00,27,Female,Android,US,WJkgoPMLbkPd,Unfortunately; a lot. It's what we need to keep our houses and food on the table. It's sad to pay for BASIC human needs.,-0.30,Cutting back a lot of things.,0.00,Cutting back and eating less meals a day to conserve food.,-0.10
MqkKEV0yMl91,2025-03-13T15:47:18+00:00,26,Female,iOS,US,MqkKEV0yMl91,It provides what I want from it,0.60,It’s great to see,0.90,It’s nice to see,0.90
JGnJVAavrnbx,2025-03-13T15:55:36+00:00,24,Female,iOS,US,JGnJVAavrnbx,A means to trade,0.00,Tracking my spending.,0.00,Spending less,0.20
aXk4Oj3Dy7JW,2025-03-13T16:02:30+00:00,23,Male,iOS,US,aXk4Oj3Dy7JW,Money is a way to freedom,-0.10,Easy to use apps,0.90,Self control,0.00
v6n3dvymal3Z,2025-03-13T16:04:03+00:00,24,Male,iOS,US,v6n3dvymal3Z,Freedom,0.30,Budgeting,0.00,Starving,-0.70
Ka76EgQqxlL1,2025-03-13T16:08:03+00:00,24,Male,iOS,US,Ka76EgQqxlL1,Freedom,0.30,Not needing anything,0.20,Not spending on wants,-0.80
PLlX2jVRxkpv,2025-03-13T16:08:13+00:00,23,Female,Android,US,PLlX2jVRxkpv,the form of currency agreed upon that can be used in a majority of situations to purchase goods and services,0.20,having an account with a credit union,0.00,only buying what i actually need to live,0.40
GxkV9mxw27bN,2025-03-13T16:10:01+00:00,27,Male,Android,US,GxkV9mxw27bN,A means to an end and to live,0.00,Budgeting,0.00,Making a plan on how to use it and cooking home cooked meals,0.00
2OkaLgmpe7am,2025-03-13T16:10:44+00:00,27,Male,iOS,US,2OkaLgmpe7am,Money means freedom,0.40,Stress and bills,-0.50,Saving and investing,0.60
Zz7bo6apWkgY,2025-03-13T16:11:27+00:00,26,Male,iOS,US,Zz7bo6apWkgY,It’s a means to an end,-0.50,Copilot,0.30,Don’t spend as much,-0.60
p6n1jD8KolD2,2025-03-13T16:15:06+00:00,25,Female,iOS,US,p6n1jD8KolD2,A way to buy things,0.30,Nothing,-0.60,Not spending,-0.70
2vlz3bog37Gp,2025-03-13T16:27:40+00:00,26,Male,iOS,US,2vlz3bog37Gp,It means to live life comfortably and is associated with quality of life / enjoyment,0.70,Apps that track finance well being,0.70,Not increasing lifestyle as pay increases,-0.60
8rnd4YMgYnMP,2025-03-13T17:10:03+00:00,26,Male,iOS,US,8rnd4YMgYnMP,It means that I have the ability to do the things that are important to me.,0.50,Using technology makes managing it easier.,0.90,I only spend on things that I really need and budget fun money.,0.70
apkDdN6zDk3E,2025-03-13T17:10:07+00:00,18,Male,iOS,US,apkDdN6zDk3E,It’s a valuable and useful asset.,0.80,Programs and clear information about transactions,0.70,Budgeting,0.00
Bp7P3ZMoRl2x,2025-03-13T17:21:45+00:00,22,Female,iOS,US,Bp7P3ZMoRl2x,Easier life,0.70,Budgeting,0.00,Using a budget book to track money,0.00
qVlp9NZmO7A5,2025-03-13T17:54:43+00:00,23,Female,iOS,US,qVlp9NZmO7A5,money is a safety net and stability blanket; and a backup measure for always maintaining independence,0.30,budgeting; tallying up receipts; and sorting money into spending groups,0.00,couponing; shopping around; cash back credit card programs,0.10
MjnZPvVVN7wP,2025-03-13T18:02:53+00:00,26,Male,iOS,US,MjnZPvVVN7wP,Reinforced idea for survival,0.50,Apps,0.20,Making more money?,-0.10
qwneo0Gaj75r,2025-03-13T18:08:13+00:00,23,Female,iOS,US,qwneo0Gaj75r,freedom and the ability to control how you live and what you do each day,0.50,an app with a clean interface that doesn’t overcomplicate anything!,0.30,only buying things i need or have wanted for at least 2 months; setting money aside each month for savings; making sacrifices such as living at home instead of moving out to save money,0.20
2vlz3bRVd7Gp,2025-03-13T18:08:55+00:00,27,Female,iOS,US,2vlz3bRVd7Gp,Freedom,0.30,No family,-0.60,Budget,0.00
aJnWmaXrQ7Db,2025-03-13T18:29:28+00:00,22,Female,iOS,US,aJnWmaXrQ7Db,Money is happiness,0.80,Keeping track of spendings,0.20,Putting it into a savings,0.80
MqkKEB0ael91,2025-03-13T18:41:49+00:00,23,Female,iOS,US,MqkKEB0ael91,Safety and security,0.40,The ability to get everything paperless,0.80,I keep close track of what I spend with an excel soreadsheet,0.60
MjnZPx2mj7wP,2025-03-13T19:11:31+00:00,25,Male,iOS,US,MjnZPx2mj7wP,Survival,0.10,Not buying stuff ans keeping a budget,-0.70,Keeping track of budget,0.30
XQnwRNd3MkP2,2025-03-13T19:20:59+00:00,27,Female,Android,US,XQnwRNd3MkP2,Something that helps me pay for food,0.80,Saving little bit evwrytime,0.00,Not spending on things I don't need,-0.50
aOkQbegMPn4y,2025-03-13T19:24:40+00:00,23,Male,iOS,US,aOkQbegMPn4y,Money means freedom to accomplish my goals in life,0.70,Investing $100 a day means I know my retirement will come soon,0.30,If I feel like buying something big; I’ll just invest that amount of money instead,-0.70
Xgl5o92pMk8Q,2025-03-13T19:30:41+00:00,23,Male,iOS,US,Xgl5o92pMk8Q,Paper you trade with others,0.00,An accountant,0.00,Don’t spend it,-0.70
MqkKEMXzzl91,2025-03-13T19:47:48+00:00,24,Male,iOS,US,MqkKEMXzzl91,Everything and anything,0.70,Cash flow statements,0.00,Structured spending acrosss different types,0.00
PYl83Jw5pnW1,2025-03-13T19:53:09+00:00,27,Female,iOS,US,PYl83Jw5pnW1,Money is the means to buy things I want or need.,0.20,I don’t really do anything to manage my money; I just pay bills and needs first before I buy things I want.,-0.10,I use my credit card to get points back as well as use coupons/other methods of getting money back on all purchases.,0.40
P2nY9P5L0n90,2025-03-13T20:13:37+00:00,26,Male,iOS,US,P2nY9P5L0n90,It’s just a means to pay bills,-0.50,Having clear goals,0.40,Treating shopping as a to do list rather than an excursion,-0.40
G0lA6zGLR7Pj,2025-03-13T20:21:05+00:00,25,Female,Android,US,G0lA6zGLR7Pj,Freedom.,0.30,Online banking apps,0.00,Savings accounts,0.20
4N7MPrgprljE,2025-03-13T20:35:33+00:00,21,Male,iOS,US,4N7MPrgprljE,A lot. Basically what I need to survive in this economy,0.40,Having a easy to access spreadsheet on my budgef,0.90,Make sure to keep a budget on spendings at all time and track those budget,0.00
RE7Lz9gB4n0v,2025-03-13T21:08:28+00:00,27,Male,iOS,US,RE7Lz9gB4n0v,A means to an end,-0.40,My spreadsheet,0.00,Saving,0.60
8rnd4O8KEnMP,2025-03-13T21:08:48+00:00,27,Female,iOS,US,8rnd4O8KEnMP,Wealth and adders,0.20,Budgeting! Especially digital,0.20,Making every penny work for me not against me,0.60
qVlpBjNA5kA5,2025-03-13T21:09:11+00:00,21,Female,iOS,US,qVlpBjNA5kA5,Lot of opportunities and possibilities,0.90,Budgeting and bank account,0.00,Don’t over spends,-0.30
PYl83aVqZnW1,2025-03-13T21:13:31+00:00,27,Female,iOS,US,PYl83aVqZnW1,Money means security and the ability to afford things I want and need.,0.80,It’s easier to manage my money when I have a budget system.,0.70,When I use a monthly budget plan.,-0.20
Zz7br3QGW7gY,2025-03-13T21:21:48+00:00,23,Female,Android,US,Zz7br3QGW7gY,Freedom,0.30,Having multiple accounts for different things; eg. Bills; groceries; savings ect.,0.20,Buying snacks ahead of time,0.20
eLnB8EMP07o8,2025-03-13T21:25:56+00:00,27,Male,iOS,US,eLnB8EMP07o8,The reason I'm able to live,0.40,Budgeting,0.00,Shopping at ALDI,0.00
6KnNV8gRPnW2,2025-03-13T21:36:56+00:00,26,Female,iOS,US,6KnNV8gRPnW2,Freedom,0.30,God,0.30,Patience and self control,0.40
P2nY9Gbe9n90,2025-03-13T21:42:11+00:00,27,Female,iOS,US,P2nY9Gbe9n90,Money is for sccess,-0.20,An app like mint was perfect,0.80,Coupons,0.20
41nq0KE8wkXq,2025-03-13T21:43:12+00:00,21,Male,iOS,US,41nq0KE8wkXq,Money means a lot to me; as someone who doesnt have much; its my ability to get my needs and wants.,0.30,My mentality and how I was raised makes managing my money easier.,0.90,Telling myself over and over I do not have enough to purchase certain things deters me from making impulsive purchases.,-0.70
MqkKdy98Bn91,2025-03-13T22:55:46+00:00,24,Female,Android,US,MqkKdy98Bn91,Nothing,-0.60,I'm not sure,-0.10,Don't spend,-0.80
gK7y6M1omkae,2025-03-13T23:08:48+00:00,25,Male,iOS,US,gK7y6M1omkae,Quality of life,0.60,Advisors,0.10,Investing,0.10
Xgl59XwbBl8Q,2025-03-13T23:32:10+00:00,27,Female,iOS,US,Xgl59XwbBl8Q,Money is power and security. It does buy happiness. Whosever has the most money has the most control. Elon musk is a great example,0.40,Financial apps like M1 Finance,0.00,- Automatically putting 20% into savings and investments.  - living with roommates,0.20
1GnjBO6ymnDA,2025-03-13T23:58:32+00:00,22,Female,iOS,US,1GnjBO6ymnDA,Nine,0.10,Mmm,0.00,Mmm,0.00
gK7yogWzKnae,2025-03-14T00:17:56+00:00,23,Female,iOS,US,gK7yogWzKnae,Money means being able to survive,0.30,Account alerts on,-0.10,Meal planning,0.10
WKn0Xa0JjnvA,2025-03-14T00:52:08+00:00,26,Female,iOS,US,WKn0Xa0JjnvA,Money is something that drives me but not in a way of greed but I strive to create generational wealth so that my future family does not ever have to worry if they want to attend college or learn a trade or start a business.,0.00,Making it a point to look at your spending frequently; autopaying regular bills that amounts don’t change; automate money being invested in the S&P 500 and into HYSA. Being honest and open with my partner about finances,0.30,Not make any large purchases until all bills are paid for the month and in savings. Having snacks at home so when you want a treat you don’t have to spend $ to get it.,0.30
